member_id,eligible_date,baseline_tier,mature,exposed,live_started,live_engaged,returned,live_error
member_00000,2026-08-02,frequent,1,1,1,0,0,0
member_00001,2026-08-11,occasional,1,1,0,0,0,0
member_00002,2026-08-05,frequent,1,0,1,1,1,0
member_00003,2026-08-11,occasional,1,1,1,1,0,0
member_00004,2026-08-09,frequent,1,1,1,1,1,0
member_00005,2026-08-22,occasional,0,1,1,1,0,0
member_00006,2026-08-22,frequent,0,1,1,1,1,0
member_00007,2026-08-15,occasional,1,0,0,0,1,0
member_00008,2026-08-13,frequent,1,1,0,0,1,0
member_00009,2026-08-06,occasional,1,0,0,0,0,0
member_00010,2026-08-22,frequent,0,1,1,1,0,0
member_00011,2026-08-09,occasional,1,0,0,0,1,0
member_00012,2026-08-05,frequent,1,0,0,0,1,0
member_00013,2026-08-21,occasional,1,1,1,0,0,0
member_00014,2026-08-28,frequent,0,0,0,0,0,0
member_00015,2026-08-23,occasional,0,0,0,0,1,0
member_00016,2026-08-06,frequent,1,1,1,1,0,1
member_00017,2026-08-22,occasional,0,0,0,0,0,0
member_00018,2026-08-18,frequent,1,1,1,1,0,0
member_00019,2026-08-25,occasional,0,0,0,0,0,0
member_00020,2026-08-24,frequent,0,1,1,1,0,0
member_00021,2026-08-23,occasional,0,0,0,0,0,0
member_00022,2026-08-13,frequent,1,1,1,1,1,0
member_00023,2026-08-01,occasional,1,1,0,0,0,0
member_00024,2026-08-22,frequent,0,1,1,1,0,0
member_00025,2026-08-14,occasional,1,0,0,0,0,0
member_00026,2026-08-15,frequent,1,1,0,0,0,0
member_00027,2026-08-20,occasional,1,0,0,0,0,0
member_00028,2026-08-14,frequent,1,1,1,1,1,0
member_00029,2026-08-25,occasional,0,0,0,0,0,0
member_00030,2026-08-07,frequent,1,0,0,0,1,0
member_00031,2026-08-23,occasional,0,0,0,0,0,0
member_00032,2026-08-18,frequent,1,0,0,0,1,0
member_00033,2026-08-18,occasional,1,0,0,0,0,0
member_00034,2026-08-28,frequent,0,1,1,0,0,0
member_00035,2026-08-10,occasional,1,0,0,0,1,0
member_00036,2026-08-08,frequent,1,1,0,0,1,0
member_00037,2026-08-04,occasional,1,0,0,0,1,0
member_00038,2026-08-19,frequent,1,1,1,0,1,0
member_00039,2026-08-12,occasional,1,1,1,1,1,0
member_00040,2026-08-25,frequent,0,1,1,0,0,0
member_00041,2026-08-04,occasional,1,0,0,0,1,0
member_00042,2026-08-17,frequent,1,1,1,1,1,0
member_00043,2026-08-13,occasional,1,0,0,0,0,0
member_00044,2026-08-03,frequent,1,0,0,0,1,0
member_00045,2026-08-26,occasional,0,1,0,0,0,0
member_00046,2026-08-28,frequent,0,1,0,0,0,0
member_00047,2026-08-22,occasional,0,0,0,0,0,0
member_00048,2026-08-04,frequent,1,1,1,0,1,0
member_00049,2026-08-05,occasional,1,1,1,1,0,0
member_00050,2026-08-02,frequent,1,0,0,0,1,0
member_00051,2026-08-06,occasional,1,0,0,0,0,0
member_00052,2026-08-16,frequent,1,0,0,0,0,0
member_00053,2026-08-11,occasional,1,1,1,1,1,0
member_00054,2026-08-09,frequent,1,1,1,1,1,0
member_00055,2026-08-08,occasional,1,0,0,0,1,0
member_00056,2026-08-01,frequent,1,1,1,1,0,0
member_00057,2026-08-03,occasional,1,0,0,0,0,0
member_00058,2026-08-27,frequent,0,0,0,0,0,0
member_00059,2026-08-13,occasional,1,0,0,0,0,0
member_00060,2026-08-23,frequent,0,1,0,0,1,0
member_00061,2026-08-04,occasional,1,1,1,1,0,0
member_00062,2026-08-24,frequent,0,1,0,0,0,0
member_00063,2026-08-11,occasional,1,0,0,0,0,0
member_00064,2026-08-22,frequent,0,1,0,0,1,0
member_00065,2026-08-28,occasional,0,1,1,0,0,0
member_00066,2026-08-26,frequent,0,1,0,0,0,0
member_00067,2026-08-19,occasional,1,0,0,0,0,0
member_00068,2026-08-23,frequent,0,0,0,0,1,0
member_00069,2026-08-09,occasional,1,0,0,0,0,0
member_00070,2026-08-24,frequent,0,1,1,1,0,0
member_00071,2026-08-07,occasional,1,1,1,1,0,0
member_00072,2026-08-13,frequent,1,1,1,0,1,0
member_00073,2026-08-02,occasional,1,1,1,1,0,0
member_00074,2026-08-04,frequent,1,1,1,1,0,0
member_00075,2026-08-19,occasional,1,1,1,1,1,0
member_00076,2026-08-13,frequent,1,1,1,0,0,0
member_00077,2026-08-04,occasional,1,0,0,0,0,0
member_00078,2026-08-01,frequent,1,1,1,1,0,0
member_00079,2026-08-05,occasional,1,0,0,0,0,0
member_00080,2026-08-04,frequent,1,1,1,1,1,0
member_00081,2026-08-17,occasional,1,1,1,0,1,0
member_00082,2026-08-23,frequent,0,1,1,0,1,1
member_00083,2026-08-11,occasional,1,0,0,0,0,0
member_00084,2026-08-10,frequent,1,1,0,0,0,0
member_00085,2026-08-23,occasional,0,0,0,0,0,0
member_00086,2026-08-23,frequent,0,1,1,1,1,0
member_00087,2026-08-16,occasional,1,0,0,0,0,0
member_00088,2026-08-14,frequent,1,1,1,1,1,0
member_00089,2026-08-25,occasional,0,0,0,0,1,0
member_00090,2026-08-19,frequent,1,1,0,0,0,0
member_00091,2026-08-03,occasional,1,1,1,0,0,0
member_00092,2026-08-05,frequent,1,1,0,0,0,0
member_00093,2026-08-13,occasional,1,0,0,0,1,0
member_00094,2026-08-20,frequent,1,1,0,0,1,0
member_00095,2026-08-02,occasional,1,0,0,0,0,0
member_00096,2026-08-20,frequent,1,1,1,1,0,0
member_00097,2026-08-24,occasional,0,0,0,0,0,0
member_00098,2026-08-20,frequent,1,1,1,1,1,0
member_00099,2026-08-05,occasional,1,0,0,0,1,0
member_00100,2026-08-06,frequent,1,0,0,0,1,0
member_00101,2026-08-20,occasional,1,0,0,0,1,0
member_00102,2026-08-23,frequent,0,1,1,0,1,0
member_00103,2026-08-11,occasional,1,0,0,0,0,0
member_00104,2026-08-24,frequent,0,1,1,0,1,0
member_00105,2026-08-18,occasional,1,1,1,1,1,0
member_00106,2026-08-02,frequent,1,1,0,0,1,0
member_00107,2026-08-04,occasional,1,0,0,0,0,0
member_00108,2026-08-08,frequent,1,1,1,1,1,0
member_00109,2026-08-22,occasional,0,1,1,1,0,0
member_00110,2026-08-06,frequent,1,1,1,1,1,1
member_00111,2026-08-14,occasional,1,0,0,0,1,0
member_00112,2026-08-13,frequent,1,0,0,0,0,0
member_00113,2026-08-09,occasional,1,0,0,0,0,0
member_00114,2026-08-08,frequent,1,1,1,1,1,1
member_00115,2026-08-05,occasional,1,0,0,0,0,0
member_00116,2026-08-09,frequent,1,1,0,0,1,0
member_00117,2026-08-06,occasional,1,0,0,0,0,0
member_00118,2026-08-26,frequent,0,1,0,0,0,0
member_00119,2026-08-14,occasional,1,0,0,0,0,0
member_00120,2026-08-05,frequent,1,1,0,0,1,0
member_00121,2026-08-02,occasional,1,0,0,0,1,0
member_00122,2026-08-16,frequent,1,1,1,1,1,0
member_00123,2026-08-14,occasional,1,0,0,0,0,0
member_00124,2026-08-16,frequent,1,1,1,1,0,0
member_00125,2026-08-12,occasional,1,0,0,0,0,0
member_00126,2026-08-12,frequent,1,1,1,0,1,0
member_00127,2026-08-23,occasional,0,1,1,1,0,0
member_00128,2026-08-22,frequent,0,1,0,0,0,0
member_00129,2026-08-28,occasional,0,1,0,0,0,0
member_00130,2026-08-28,frequent,0,1,1,0,0,0
member_00131,2026-08-11,occasional,1,1,1,0,0,0
member_00132,2026-08-06,frequent,1,1,0,0,1,0
member_00133,2026-08-18,occasional,1,0,0,0,0,0
member_00134,2026-08-20,frequent,1,1,1,0,1,1
member_00135,2026-08-17,occasional,1,0,0,0,0,0
member_00136,2026-08-20,frequent,1,1,1,1,0,0
member_00137,2026-08-26,occasional,0,1,1,1,0,1
member_00138,2026-08-11,frequent,1,1,1,1,1,0
member_00139,2026-08-02,occasional,1,1,0,0,0,0
member_00140,2026-08-28,frequent,0,0,0,0,0,0
member_00141,2026-08-07,occasional,1,0,0,0,0,0
member_00142,2026-08-09,frequent,1,1,0,0,0,0
member_00143,2026-08-04,occasional,1,0,0,0,0,0
member_00144,2026-08-05,frequent,1,0,0,0,0,0
member_00145,2026-08-03,occasional,1,0,0,0,0,0
member_00146,2026-08-09,frequent,1,1,1,0,1,0
member_00147,2026-08-07,occasional,1,0,0,0,0,0
member_00148,2026-08-07,frequent,1,1,1,1,0,0
member_00149,2026-08-12,occasional,1,1,1,1,1,1
member_00150,2026-08-20,frequent,1,1,0,0,1,0
member_00151,2026-08-13,occasional,1,0,0,0,0,0
member_00152,2026-08-23,frequent,0,1,1,1,0,0
member_00153,2026-08-19,occasional,1,0,0,0,0,0
member_00154,2026-08-16,frequent,1,1,0,0,1,0
member_00155,2026-08-18,occasional,1,0,0,0,1,0
member_00156,2026-08-22,frequent,0,1,1,0,1,0
member_00157,2026-08-28,occasional,0,0,0,0,0,0
member_00158,2026-08-11,frequent,1,1,1,1,1,0
member_00159,2026-08-25,occasional,0,0,0,0,0,0
member_00160,2026-08-15,frequent,1,1,1,0,1,0
member_00161,2026-08-17,occasional,1,1,1,1,1,0
member_00162,2026-08-26,frequent,0,1,1,1,0,0
member_00163,2026-08-21,occasional,1,0,0,0,0,0
member_00164,2026-08-26,frequent,0,1,0,0,0,0
member_00165,2026-08-24,occasional,0,0,0,0,0,0
member_00166,2026-08-14,frequent,1,1,1,0,0,0
member_00167,2026-08-14,occasional,1,0,0,0,0,0
member_00168,2026-08-10,frequent,1,1,0,0,1,0
member_00169,2026-08-21,occasional,1,0,0,0,0,0
member_00170,2026-08-15,frequent,1,1,1,0,1,0
member_00171,2026-08-12,occasional,1,0,0,0,0,0
member_00172,2026-08-04,frequent,1,0,0,0,1,0
member_00173,2026-08-05,occasional,1,0,0,0,1,0
member_00174,2026-08-19,frequent,1,1,0,0,1,0
member_00175,2026-08-28,occasional,0,1,0,0,0,0
member_00176,2026-08-23,frequent,0,1,1,0,1,0
member_00177,2026-08-19,occasional,1,1,1,0,1,0
member_00178,2026-08-25,frequent,0,1,0,0,0,0
member_00179,2026-08-09,occasional,1,0,0,0,0,0
member_00180,2026-08-02,frequent,1,1,0,0,1,0
member_00181,2026-08-28,occasional,0,0,0,0,0,0
member_00182,2026-08-01,frequent,1,1,0,0,0,0
member_00183,2026-08-15,occasional,1,0,0,0,0,0
member_00184,2026-08-24,frequent,0,1,1,0,0,1
member_00185,2026-08-14,occasional,1,0,0,0,1,0
member_00186,2026-08-13,frequent,1,1,1,1,1,0
member_00187,2026-08-21,occasional,1,0,0,0,1,0
member_00188,2026-08-26,frequent,0,1,1,0,0,0
member_00189,2026-08-22,occasional,0,1,1,1,0,1
member_00190,2026-08-07,frequent,1,0,0,0,1,0
member_00191,2026-08-14,occasional,1,0,0,0,0,0
member_00192,2026-08-07,frequent,1,1,1,1,1,0
member_00193,2026-08-01,occasional,1,0,0,0,0,0
member_00194,2026-08-12,frequent,1,1,0,0,0,0
member_00195,2026-08-02,occasional,1,1,1,0,1,0
member_00196,2026-08-12,frequent,1,0,0,0,1,0
member_00197,2026-08-06,occasional,1,0,0,0,0,0
member_00198,2026-08-24,frequent,0,0,0,0,1,0
member_00199,2026-08-13,occasional,1,1,1,1,0,0
member_00200,2026-08-13,frequent,1,1,1,0,0,0
member_00201,2026-08-19,occasional,1,0,0,0,0,0
member_00202,2026-08-05,frequent,1,0,0,0,0,0
member_00203,2026-08-04,occasional,1,0,0,0,0,0
member_00204,2026-08-06,frequent,1,1,0,0,0,0
member_00205,2026-08-21,occasional,1,0,0,0,0,0
member_00206,2026-08-08,frequent,1,1,1,1,1,0
member_00207,2026-08-25,occasional,0,0,0,0,0,0
member_00208,2026-08-19,frequent,1,0,0,0,1,0
member_00209,2026-08-22,occasional,0,1,1,0,0,0
member_00210,2026-08-09,frequent,1,1,0,0,0,0
member_00211,2026-08-01,occasional,1,1,0,0,1,0
member_00212,2026-08-12,frequent,1,1,1,1,0,0
member_00213,2026-08-09,occasional,1,1,1,1,1,0
member_00214,2026-08-16,frequent,1,1,1,1,0,1
member_00215,2026-08-04,occasional,1,0,0,0,0,0
member_00216,2026-08-15,frequent,1,0,0,0,1,0
member_00217,2026-08-20,occasional,1,0,0,0,0,0
member_00218,2026-08-16,frequent,1,1,1,0,1,0
member_00219,2026-08-20,occasional,1,0,0,0,0,0
member_00220,2026-08-27,frequent,0,1,1,1,0,0
member_00221,2026-08-25,occasional,0,0,0,0,0,0
member_00222,2026-08-25,frequent,0,1,1,1,0,0
member_00223,2026-08-16,occasional,1,0,0,0,0,0
member_00224,2026-08-21,frequent,1,1,1,1,0,0
member_00225,2026-08-01,occasional,1,0,0,0,1,0
member_00226,2026-08-23,frequent,0,1,1,0,1,0
member_00227,2026-08-14,occasional,1,0,0,0,0,0
member_00228,2026-08-20,frequent,1,1,0,0,1,0
member_00229,2026-08-25,occasional,0,1,1,0,0,0
member_00230,2026-08-06,frequent,1,1,0,0,1,0
member_00231,2026-08-03,occasional,1,0,0,0,0,0
member_00232,2026-08-13,frequent,1,1,1,0,1,0
member_00233,2026-08-20,occasional,1,0,0,0,1,0
member_00234,2026-08-27,frequent,0,1,0,0,0,0
member_00235,2026-08-14,occasional,1,0,0,0,1,0
member_00236,2026-08-02,frequent,1,0,0,0,1,0
member_00237,2026-08-07,occasional,1,0,0,0,0,0
member_00238,2026-08-12,frequent,1,1,1,1,0,0
member_00239,2026-08-21,occasional,1,0,0,0,0,0
member_00240,2026-08-27,frequent,0,1,0,0,0,0
member_00241,2026-08-04,occasional,1,1,1,1,1,0
member_00242,2026-08-12,frequent,1,1,1,0,1,0
member_00243,2026-08-23,occasional,0,0,0,0,0,0
member_00244,2026-08-22,frequent,0,1,0,0,1,0
member_00245,2026-08-16,occasional,1,0,0,0,0,0
member_00246,2026-08-15,frequent,1,1,1,1,1,0
member_00247,2026-08-10,occasional,1,0,0,0,0,0
member_00248,2026-08-11,frequent,1,1,1,1,1,0
member_00249,2026-08-10,occasional,1,1,1,1,0,0
member_00250,2026-08-19,frequent,1,1,1,1,0,0
member_00251,2026-08-18,occasional,1,0,0,0,0,0
member_00252,2026-08-26,frequent,0,1,0,0,0,0
member_00253,2026-08-03,occasional,1,0,0,0,1,0
member_00254,2026-08-16,frequent,1,1,1,1,1,0
member_00255,2026-08-26,occasional,0,0,0,0,0,0
member_00256,2026-08-15,frequent,1,1,1,0,1,0
member_00257,2026-08-11,occasional,1,0,0,0,0,0
member_00258,2026-08-17,frequent,1,1,1,1,0,0
member_00259,2026-08-26,occasional,0,0,0,0,0,0
member_00260,2026-08-03,frequent,1,1,0,0,1,0
member_00261,2026-08-04,occasional,1,0,0,0,0,0
member_00262,2026-08-17,frequent,1,1,1,1,1,0
member_00263,2026-08-03,occasional,1,0,0,0,0,0
member_00264,2026-08-15,frequent,1,0,0,0,1,0
member_00265,2026-08-17,occasional,1,0,0,0,0,0
member_00266,2026-08-13,frequent,1,1,1,0,1,0
member_00267,2026-08-19,occasional,1,0,0,0,0,0
member_00268,2026-08-16,frequent,1,1,0,0,0,0
member_00269,2026-08-07,occasional,1,0,0,0,0,0
member_00270,2026-08-19,frequent,1,1,1,1,1,0
member_00271,2026-08-13,occasional,1,0,0,0,0,0
member_00272,2026-08-14,frequent,1,1,0,0,1,0
member_00273,2026-08-12,occasional,1,0,0,0,0,0
member_00274,2026-08-25,frequent,0,1,1,1,0,0
member_00275,2026-08-02,occasional,1,0,0,0,1,0
member_00276,2026-08-15,frequent,1,1,0,0,1,0
member_00277,2026-08-26,occasional,0,0,0,0,0,0
member_00278,2026-08-28,frequent,0,1,1,0,0,0
member_00279,2026-08-20,occasional,1,0,0,0,0,0
member_00280,2026-08-19,frequent,1,1,1,1,1,0
member_00281,2026-08-16,occasional,1,0,0,0,0,0
member_00282,2026-08-13,frequent,1,1,1,1,0,0
member_00283,2026-08-27,occasional,0,0,0,0,0,0
member_00284,2026-08-24,frequent,0,1,0,0,0,0
member_00285,2026-08-10,occasional,1,0,0,0,0,0
member_00286,2026-08-06,frequent,1,0,0,0,1,0
member_00287,2026-08-26,occasional,0,0,0,0,0,0
member_00288,2026-08-08,frequent,1,1,1,1,0,0
member_00289,2026-08-09,occasional,1,1,1,0,0,0
member_00290,2026-08-24,frequent,0,1,1,1,0,0
member_00291,2026-08-26,occasional,0,0,0,0,0,0
member_00292,2026-08-14,frequent,1,0,0,0,1,0
member_00293,2026-08-08,occasional,1,1,1,0,0,0
member_00294,2026-08-03,frequent,1,1,0,0,0,0
member_00295,2026-08-11,occasional,1,0,0,0,1,0
member_00296,2026-08-16,frequent,1,1,1,0,1,0
member_00297,2026-08-16,occasional,1,0,0,0,0,0
member_00298,2026-08-19,frequent,1,1,0,0,1,0
member_00299,2026-08-13,occasional,1,0,0,0,1,0
member_00300,2026-08-06,frequent,1,0,0,0,1,0
member_00301,2026-08-10,occasional,1,0,0,0,0,0
member_00302,2026-08-24,frequent,0,1,1,1,1,0
member_00303,2026-08-24,occasional,0,0,0,0,0,0
member_00304,2026-08-16,frequent,1,1,1,1,1,0
member_00305,2026-08-11,occasional,1,0,0,0,0,0
member_00306,2026-08-23,frequent,0,1,1,0,0,1
member_00307,2026-08-19,occasional,1,0,0,0,0,0
member_00308,2026-08-22,frequent,0,1,1,1,1,0
member_00309,2026-08-05,occasional,1,0,0,0,0,0
member_00310,2026-08-21,frequent,1,1,1,0,1,0
member_00311,2026-08-17,occasional,1,0,0,0,0,0
member_00312,2026-08-03,frequent,1,1,0,0,1,0
member_00313,2026-08-09,occasional,1,0,0,0,0,0
member_00314,2026-08-01,frequent,1,1,1,0,1,0
member_00315,2026-08-24,occasional,0,1,1,1,0,0
member_00316,2026-08-20,frequent,1,1,0,0,1,0
member_00317,2026-08-17,occasional,1,0,0,0,1,0
member_00318,2026-08-18,frequent,1,1,1,0,1,0
member_00319,2026-08-22,occasional,1,0,0,0,0,0
member_00320,2026-08-28,frequent,0,0,0,0,0,0
member_00321,2026-08-20,occasional,1,0,0,0,0,0
member_00322,2026-08-11,frequent,1,1,1,1,1,0
member_00323,2026-08-23,occasional,0,1,0,0,0,0
member_00324,2026-08-05,frequent,1,1,0,0,1,0
member_00325,2026-08-20,occasional,1,0,0,0,1,0
member_00326,2026-08-21,frequent,1,1,1,0,1,0
member_00327,2026-08-26,occasional,0,0,0,0,0,0
member_00328,2026-08-01,frequent,1,1,0,0,1,0
member_00329,2026-08-22,occasional,0,0,0,0,0,0
member_00330,2026-08-23,frequent,0,1,1,1,0,0
member_00331,2026-08-26,occasional,0,0,0,0,0,0
member_00332,2026-08-20,frequent,1,1,1,1,1,0
member_00333,2026-08-12,occasional,1,0,0,0,0,0
member_00334,2026-08-05,frequent,1,1,1,1,1,0
member_00335,2026-08-18,occasional,1,1,0,0,1,0
member_00336,2026-08-01,frequent,1,1,0,0,1,0
member_00337,2026-08-23,occasional,0,1,1,1,0,0
member_00338,2026-08-09,frequent,1,0,0,0,1,0
member_00339,2026-08-22,occasional,0,1,1,1,0,0
member_00340,2026-08-18,frequent,1,1,1,0,1,0
member_00341,2026-08-03,occasional,1,1,1,1,0,0
member_00342,2026-08-10,frequent,1,1,1,0,1,0
member_00343,2026-08-03,occasional,1,0,0,0,0,0
member_00344,2026-08-20,frequent,1,0,0,0,1,0
member_00345,2026-08-12,occasional,1,1,1,1,0,1
member_00346,2026-08-02,frequent,1,1,1,0,1,0
member_00347,2026-08-23,occasional,0,1,1,1,0,0
member_00348,2026-08-27,frequent,0,0,0,0,0,0
member_00349,2026-08-15,occasional,1,0,0,0,0,0
member_00350,2026-08-09,frequent,1,1,1,1,1,0
member_00351,2026-08-05,occasional,1,0,0,0,0,0
member_00352,2026-08-17,frequent,1,1,1,1,1,0
member_00353,2026-08-15,occasional,1,0,0,0,1,0
member_00354,2026-08-16,frequent,1,0,0,0,0,0
member_00355,2026-08-23,occasional,0,1,1,1,0,0
member_00356,2026-08-10,frequent,1,1,0,0,1,0
member_00357,2026-08-18,occasional,1,0,0,0,1,0
member_00358,2026-08-28,frequent,0,1,0,0,0,0
member_00359,2026-08-25,occasional,0,0,0,0,0,0
member_00360,2026-08-24,frequent,0,1,1,1,0,0
member_00361,2026-08-10,occasional,1,0,0,0,1,0
member_00362,2026-08-06,frequent,1,1,1,1,1,0
member_00363,2026-08-24,occasional,0,0,0,0,0,0
member_00364,2026-08-05,frequent,1,1,1,0,1,0
member_00365,2026-08-24,occasional,0,1,0,0,0,0
member_00366,2026-08-15,frequent,1,1,1,1,0,0
member_00367,2026-08-18,occasional,1,0,0,0,0,0
member_00368,2026-08-27,frequent,0,1,1,0,0,1
member_00369,2026-08-15,occasional,1,0,0,0,0,0
member_00370,2026-08-17,frequent,1,1,1,1,0,0
member_00371,2026-08-27,occasional,0,0,0,0,0,0
member_00372,2026-08-01,frequent,1,1,1,1,1,1
member_00373,2026-08-02,occasional,1,0,0,0,0,0
member_00374,2026-08-11,frequent,1,1,1,1,1,0
member_00375,2026-08-24,occasional,0,0,0,0,0,0
member_00376,2026-08-05,frequent,1,1,1,0,1,0
member_00377,2026-08-15,occasional,1,1,1,0,1,0
member_00378,2026-08-05,frequent,1,1,1,1,1,0
member_00379,2026-08-09,occasional,1,0,0,0,0,0
member_00380,2026-08-17,frequent,1,1,1,0,0,0
member_00381,2026-08-17,occasional,1,1,1,0,1,0
member_00382,2026-08-21,frequent,1,1,0,0,1,0
member_00383,2026-08-17,occasional,1,1,0,0,0,0
member_00384,2026-08-19,frequent,1,1,0,0,0,0
member_00385,2026-08-25,occasional,0,1,1,1,0,0
member_00386,2026-08-05,frequent,1,1,0,0,1,0
member_00387,2026-08-10,occasional,1,0,0,0,0,0
member_00388,2026-08-19,frequent,1,1,1,0,0,0
member_00389,2026-08-10,occasional,1,0,0,0,0,0
member_00390,2026-08-03,frequent,1,1,1,0,1,0
member_00391,2026-08-07,occasional,1,1,0,0,0,0
member_00392,2026-08-04,frequent,1,1,1,0,0,0
member_00393,2026-08-19,occasional,1,0,0,0,0,0
member_00394,2026-08-28,frequent,0,0,0,0,0,0
member_00395,2026-08-03,occasional,1,0,0,0,0,0
member_00396,2026-08-27,frequent,0,1,1,0,0,0
member_00397,2026-08-14,occasional,1,0,0,0,0,0
member_00398,2026-08-15,frequent,1,1,0,0,1,0
member_00399,2026-08-15,occasional,1,0,0,0,1,0
member_00400,2026-08-20,frequent,1,1,0,0,1,0
member_00401,2026-08-02,occasional,1,0,0,0,1,0
member_00402,2026-08-24,frequent,0,0,0,0,1,0
member_00403,2026-08-28,occasional,0,0,0,0,0,0
member_00404,2026-08-04,frequent,1,1,1,0,1,0
member_00405,2026-08-09,occasional,1,0,0,0,0,0
member_00406,2026-08-01,frequent,1,1,0,0,1,0
member_00407,2026-08-06,occasional,1,0,0,0,0,0
member_00408,2026-08-05,frequent,1,0,0,0,1,0
member_00409,2026-08-19,occasional,1,0,0,0,1,0
member_00410,2026-08-06,frequent,1,1,0,0,1,0
member_00411,2026-08-08,occasional,1,1,0,0,1,0
member_00412,2026-08-20,frequent,1,1,1,0,1,0
member_00413,2026-08-05,occasional,1,0,0,0,0,0
member_00414,2026-08-11,frequent,1,1,1,1,1,0
member_00415,2026-08-27,occasional,0,0,0,0,0,0
member_00416,2026-08-12,frequent,1,1,1,0,1,0
member_00417,2026-08-12,occasional,1,0,0,0,0,0
member_00418,2026-08-03,frequent,1,1,0,0,1,0
member_00419,2026-08-04,occasional,1,0,0,0,0,0
member_00420,2026-08-21,frequent,1,1,0,0,1,0
member_00421,2026-08-18,occasional,1,1,1,0,0,0
member_00422,2026-08-01,frequent,1,1,0,0,1,0
member_00423,2026-08-16,occasional,1,0,0,0,1,0
member_00424,2026-08-05,frequent,1,1,1,1,0,0
member_00425,2026-08-28,occasional,0,0,0,0,0,0
member_00426,2026-08-03,frequent,1,1,1,1,1,0
member_00427,2026-08-23,occasional,0,0,0,0,1,0
member_00428,2026-08-20,frequent,1,1,1,0,1,0
member_00429,2026-08-23,occasional,0,0,0,0,0,0
member_00430,2026-08-21,frequent,1,1,0,0,1,0
member_00431,2026-08-18,occasional,1,0,0,0,0,0
member_00432,2026-08-21,frequent,1,1,1,0,1,0
member_00433,2026-08-12,occasional,1,0,0,0,1,0
member_00434,2026-08-02,frequent,1,1,1,1,1,0
member_00435,2026-08-26,occasional,0,1,1,0,0,0
member_00436,2026-08-14,frequent,1,1,1,1,1,0
member_00437,2026-08-04,occasional,1,0,0,0,1,0
member_00438,2026-08-20,frequent,1,1,0,0,1,0
member_00439,2026-08-24,occasional,0,1,1,0,0,0
member_00440,2026-08-13,frequent,1,1,0,0,0,0
member_00441,2026-08-04,occasional,1,1,1,1,0,0
member_00442,2026-08-20,frequent,1,1,0,0,1,0
member_00443,2026-08-19,occasional,1,0,0,0,0,0
member_00444,2026-08-11,frequent,1,1,1,0,1,0
member_00445,2026-08-20,occasional,1,0,0,0,1,0
member_00446,2026-08-21,frequent,1,1,1,0,0,0
member_00447,2026-08-11,occasional,1,0,0,0,1,0
member_00448,2026-08-11,frequent,1,0,0,0,0,0
member_00449,2026-08-26,occasional,0,0,0,0,0,0
member_00450,2026-08-23,frequent,0,0,0,0,0,0
member_00451,2026-08-09,occasional,1,0,0,0,1,0
member_00452,2026-08-10,frequent,1,1,1,1,1,0
member_00453,2026-08-14,occasional,1,1,1,1,0,0
member_00454,2026-08-13,frequent,1,0,0,0,1,0
member_00455,2026-08-13,occasional,1,1,1,0,0,0
member_00456,2026-08-20,frequent,1,1,1,1,0,0
member_00457,2026-08-25,occasional,0,1,1,1,0,0
member_00458,2026-08-12,frequent,1,1,1,1,0,0
member_00459,2026-08-16,occasional,1,0,0,0,0,0
member_00460,2026-08-28,frequent,0,0,0,0,0,0
member_00461,2026-08-04,occasional,1,1,1,1,0,0
member_00462,2026-08-19,frequent,1,1,1,1,1,0
member_00463,2026-08-26,occasional,0,0,0,0,0,0
member_00464,2026-08-28,frequent,0,1,1,0,0,0
member_00465,2026-08-24,occasional,0,0,0,0,0,0
member_00466,2026-08-06,frequent,1,1,1,0,0,0
member_00467,2026-08-08,occasional,1,0,0,0,1,0
member_00468,2026-08-06,frequent,1,1,1,1,0,0
member_00469,2026-08-07,occasional,1,0,0,0,0,0
member_00470,2026-08-21,frequent,1,0,0,0,1,0
member_00471,2026-08-21,occasional,1,1,1,1,1,0
member_00472,2026-08-25,frequent,0,1,0,0,0,0
member_00473,2026-08-18,occasional,1,0,0,0,0,0
member_00474,2026-08-05,frequent,1,1,1,0,1,0
member_00475,2026-08-13,occasional,1,0,0,0,0,0
member_00476,2026-08-04,frequent,1,1,1,1,0,0
member_00477,2026-08-22,occasional,0,0,0,0,0,0
member_00478,2026-08-01,frequent,1,1,0,0,1,0
member_00479,2026-08-23,occasional,0,1,1,0,0,0
member_00480,2026-08-01,frequent,1,1,1,0,1,0
member_00481,2026-08-24,occasional,0,0,0,0,0,0
member_00482,2026-08-19,frequent,1,1,0,0,1,0
member_00483,2026-08-20,occasional,1,1,1,1,0,1
member_00484,2026-08-12,frequent,1,1,0,0,1,0
member_00485,2026-08-14,occasional,1,0,0,0,0,0
member_00486,2026-08-19,frequent,1,1,1,1,0,1
member_00487,2026-08-05,occasional,1,0,0,0,0,0
member_00488,2026-08-23,frequent,0,1,1,1,1,0
member_00489,2026-08-08,occasional,1,0,0,0,0,0
member_00490,2026-08-03,frequent,1,1,0,0,1,0
member_00491,2026-08-14,occasional,1,1,1,1,1,0
member_00492,2026-08-17,frequent,1,1,1,0,1,0
member_00493,2026-08-28,occasional,0,0,0,0,0,0
member_00494,2026-08-23,frequent,0,0,0,0,0,0
member_00495,2026-08-02,occasional,1,0,0,0,1,0
member_00496,2026-08-18,frequent,1,1,1,1,0,0
member_00497,2026-08-08,occasional,1,1,0,0,0,0
member_00498,2026-08-21,frequent,1,1,0,0,1,0
member_00499,2026-08-23,occasional,0,0,0,0,0,0
member_00500,2026-08-22,frequent,1,1,1,1,1,0
member_00501,2026-08-10,occasional,1,1,1,0,0,0
member_00502,2026-08-24,frequent,0,1,1,1,1,0
member_00503,2026-08-03,occasional,1,0,0,0,0,0
member_00504,2026-08-18,frequent,1,1,1,0,1,0
member_00505,2026-08-21,occasional,1,0,0,0,1,0
member_00506,2026-08-24,frequent,0,1,1,1,1,0
member_00507,2026-08-22,occasional,0,1,1,1,1,0
member_00508,2026-08-17,frequent,1,1,0,0,1,0
member_00509,2026-08-13,occasional,1,0,0,0,0,0
member_00510,2026-08-15,frequent,1,1,1,1,1,1
member_00511,2026-08-13,occasional,1,0,0,0,0,0
member_00512,2026-08-03,frequent,1,0,0,0,0,0
member_00513,2026-08-26,occasional,0,0,0,0,0,0
member_00514,2026-08-19,frequent,1,1,1,1,1,0
member_00515,2026-08-05,occasional,1,0,0,0,0,0
member_00516,2026-08-14,frequent,1,1,1,1,1,0
member_00517,2026-08-03,occasional,1,0,0,0,0,0
member_00518,2026-08-05,frequent,1,1,0,0,1,0
member_00519,2026-08-17,occasional,1,1,1,0,0,0
member_00520,2026-08-28,frequent,0,1,1,1,0,0
member_00521,2026-08-13,occasional,1,0,0,0,0,0
member_00522,2026-08-01,frequent,1,0,0,0,1,0
member_00523,2026-08-07,occasional,1,0,0,0,0,0
member_00524,2026-08-09,frequent,1,1,1,1,1,0
member_00525,2026-08-24,occasional,0,0,0,0,0,0
member_00526,2026-08-27,frequent,0,1,1,1,0,0
member_00527,2026-08-14,occasional,1,0,0,0,0,0
member_00528,2026-08-22,frequent,0,0,0,0,0,0
member_00529,2026-08-12,occasional,1,1,0,0,0,0
member_00530,2026-08-17,frequent,1,1,1,1,1,1
member_00531,2026-08-21,occasional,1,0,0,0,0,0
member_00532,2026-08-16,frequent,1,1,0,0,1,0
member_00533,2026-08-23,occasional,0,0,0,0,0,0
member_00534,2026-08-26,frequent,0,1,0,0,0,0
member_00535,2026-08-14,occasional,1,0,0,0,0,0
member_00536,2026-08-10,frequent,1,1,0,0,1,0
member_00537,2026-08-22,occasional,0,1,1,0,0,0
member_00538,2026-08-27,frequent,0,0,1,1,0,0
member_00539,2026-08-18,occasional,1,1,1,0,0,0
member_00540,2026-08-28,frequent,0,1,1,1,0,1
member_00541,2026-08-28,occasional,0,0,0,0,0,0
member_00542,2026-08-08,frequent,1,1,1,1,1,0
member_00543,2026-08-11,occasional,1,0,0,0,0,0
member_00544,2026-08-17,frequent,1,1,1,0,0,0
member_00545,2026-08-25,occasional,0,0,0,0,0,0
member_00546,2026-08-06,frequent,1,0,0,0,1,0
member_00547,2026-08-13,occasional,1,0,0,0,0,0
member_00548,2026-08-07,frequent,1,1,0,0,1,0
member_00549,2026-08-20,occasional,1,0,0,0,0,0
member_00550,2026-08-03,frequent,1,1,0,0,1,0
member_00551,2026-08-25,occasional,0,0,0,0,0,0
member_00552,2026-08-20,frequent,1,1,1,1,1,0
member_00553,2026-08-28,occasional,0,1,0,0,0,0
member_00554,2026-08-18,frequent,1,1,1,1,1,0
member_00555,2026-08-17,occasional,1,1,1,0,0,0
member_00556,2026-08-04,frequent,1,1,1,0,1,0
member_00557,2026-08-25,occasional,0,0,0,0,0,0
member_00558,2026-08-19,frequent,1,1,1,1,1,0
member_00559,2026-08-28,occasional,0,1,0,0,0,0
member_00560,2026-08-02,frequent,1,1,0,0,1,0
member_00561,2026-08-13,occasional,1,0,0,0,0,0
member_00562,2026-08-05,frequent,1,1,0,0,0,0
member_00563,2026-08-08,occasional,1,0,0,0,0,0
member_00564,2026-08-16,frequent,1,1,0,0,1,0
member_00565,2026-08-27,occasional,0,0,0,0,0,0
member_00566,2026-08-14,frequent,1,1,1,0,1,0
member_00567,2026-08-09,occasional,1,1,1,1,0,0
member_00568,2026-08-24,frequent,0,1,1,1,0,0
member_00569,2026-08-25,occasional,0,0,0,0,0,0
member_00570,2026-08-08,frequent,1,0,0,0,1,0
member_00571,2026-08-25,occasional,0,0,0,0,0,0
member_00572,2026-08-28,frequent,0,1,1,0,0,0
member_00573,2026-08-05,occasional,1,1,1,1,0,0
member_00574,2026-08-16,frequent,1,1,1,0,1,0
member_00575,2026-08-07,occasional,1,0,0,0,1,0
member_00576,2026-08-22,frequent,0,1,1,0,0,0
member_00577,2026-08-01,occasional,1,0,0,0,0,0
member_00578,2026-08-14,frequent,1,1,1,0,0,0
member_00579,2026-08-11,occasional,1,0,0,0,0,0
member_00580,2026-08-25,frequent,0,1,1,1,0,0
member_00581,2026-08-09,occasional,1,0,0,0,0,0
member_00582,2026-08-10,frequent,1,1,1,0,1,0
member_00583,2026-08-08,occasional,1,0,0,0,0,0
member_00584,2026-08-16,frequent,1,1,0,0,1,0
member_00585,2026-08-17,occasional,1,1,1,0,0,0
member_00586,2026-08-09,frequent,1,1,1,1,0,0
member_00587,2026-08-22,occasional,0,0,0,0,0,0
member_00588,2026-08-23,frequent,0,1,0,0,1,0
member_00589,2026-08-16,occasional,1,1,0,0,1,0
member_00590,2026-08-23,frequent,0,1,1,0,0,0
member_00591,2026-08-14,occasional,1,0,0,0,0,0
member_00592,2026-08-06,frequent,1,1,1,0,1,0
member_00593,2026-08-20,occasional,1,0,0,0,1,0
member_00594,2026-08-25,frequent,0,1,1,1,0,1
member_00595,2026-08-22,occasional,0,0,0,0,1,0
member_00596,2026-08-01,frequent,1,1,1,0,1,0
member_00597,2026-08-05,occasional,1,0,0,0,0,0
member_00598,2026-08-27,frequent,0,1,1,0,0,0
member_00599,2026-08-26,occasional,0,0,0,0,0,0
member_00600,2026-08-21,frequent,1,1,0,0,1,0
member_00601,2026-08-06,occasional,1,1,1,1,0,0
member_00602,2026-08-02,frequent,1,1,1,1,1,0
member_00603,2026-08-16,occasional,1,1,1,0,0,0
member_00604,2026-08-16,frequent,1,1,1,1,1,0
member_00605,2026-08-11,occasional,1,0,0,0,0,0
member_00606,2026-08-22,frequent,0,1,1,1,1,1
member_00607,2026-08-13,occasional,1,1,0,0,1,0
member_00608,2026-08-19,frequent,1,1,1,1,1,0
member_00609,2026-08-19,occasional,1,0,0,0,0,0
member_00610,2026-08-15,frequent,1,1,1,0,1,0
member_00611,2026-08-11,occasional,1,1,0,0,0,0
member_00612,2026-08-09,frequent,1,1,0,0,1,0
member_00613,2026-08-12,occasional,1,0,0,0,0,0
member_00614,2026-08-15,frequent,1,1,1,0,0,0
member_00615,2026-08-21,occasional,1,1,1,1,0,0
member_00616,2026-08-05,frequent,1,1,1,0,1,0
member_00617,2026-08-22,occasional,0,0,0,0,0,0
member_00618,2026-08-23,frequent,0,1,1,1,1,0
member_00619,2026-08-04,occasional,1,0,0,0,0,0
member_00620,2026-08-22,frequent,0,1,1,0,1,0
member_00621,2026-08-19,occasional,1,0,0,0,0,0
member_00622,2026-08-04,frequent,1,1,1,1,1,0
member_00623,2026-08-19,occasional,1,1,1,0,1,0
member_00624,2026-08-13,frequent,1,1,1,1,1,0
member_00625,2026-08-13,occasional,1,0,0,0,0,0
member_00626,2026-08-14,frequent,1,0,0,0,1,0
member_00627,2026-08-19,occasional,1,0,0,0,0,0
member_00628,2026-08-11,frequent,1,1,0,0,0,0
member_00629,2026-08-20,occasional,1,0,0,0,0,0
member_00630,2026-08-21,frequent,1,0,0,0,0,0
member_00631,2026-08-11,occasional,1,0,0,0,0,0
member_00632,2026-08-20,frequent,1,1,0,0,1,0
member_00633,2026-08-26,occasional,0,1,1,1,0,0
member_00634,2026-08-06,frequent,1,1,1,0,1,0
member_00635,2026-08-05,occasional,1,0,0,0,0,0
member_00636,2026-08-12,frequent,1,1,1,0,1,0
member_00637,2026-08-06,occasional,1,0,0,0,0,0
member_00638,2026-08-07,frequent,1,0,0,0,1,0
member_00639,2026-08-20,occasional,1,0,0,0,0,0
member_00640,2026-08-06,frequent,1,1,0,0,1,0
member_00641,2026-08-16,occasional,1,1,1,0,0,0
member_00642,2026-08-05,frequent,1,1,0,0,1,0
member_00643,2026-08-24,occasional,0,0,0,0,0,0
member_00644,2026-08-16,frequent,1,1,0,0,1,0
member_00645,2026-08-14,occasional,1,0,0,0,0,0
member_00646,2026-08-01,frequent,1,1,1,1,1,0
member_00647,2026-08-07,occasional,1,0,0,0,1,0
member_00648,2026-08-03,frequent,1,1,1,0,0,0
member_00649,2026-08-07,occasional,1,0,0,0,1,0
member_00650,2026-08-19,frequent,1,1,1,1,1,0
member_00651,2026-08-09,occasional,1,0,0,0,1,0
member_00652,2026-08-13,frequent,1,1,1,1,1,0
member_00653,2026-08-14,occasional,1,0,0,0,0,0
member_00654,2026-08-23,frequent,0,0,0,0,0,0
member_00655,2026-08-07,occasional,1,1,1,1,0,0
member_00656,2026-08-22,frequent,0,0,0,0,0,0
member_00657,2026-08-14,occasional,1,0,0,0,1,0
member_00658,2026-08-06,frequent,1,1,1,1,0,0
member_00659,2026-08-16,occasional,1,0,0,0,1,0
member_00660,2026-08-21,frequent,1,1,1,0,1,0
member_00661,2026-08-26,occasional,0,0,0,0,0,0
member_00662,2026-08-08,frequent,1,1,1,0,1,0
member_00663,2026-08-04,occasional,1,0,0,0,0,0
member_00664,2026-08-07,frequent,1,1,0,0,1,0
member_00665,2026-08-16,occasional,1,0,0,0,1,0
member_00666,2026-08-07,frequent,1,1,1,1,1,0
member_00667,2026-08-24,occasional,0,0,0,0,0,0
member_00668,2026-08-13,frequent,1,1,1,0,1,0
member_00669,2026-08-20,occasional,1,1,1,1,0,0
member_00670,2026-08-03,frequent,1,1,0,0,1,0
member_00671,2026-08-22,occasional,0,0,0,0,0,0
member_00672,2026-08-08,frequent,1,1,1,1,1,0
member_00673,2026-08-15,occasional,1,0,0,0,0,0
member_00674,2026-08-15,frequent,1,0,0,0,0,0
member_00675,2026-08-08,occasional,1,1,1,0,0,0
member_00676,2026-08-18,frequent,1,1,0,0,1,0
member_00677,2026-08-07,occasional,1,0,0,0,1,0
member_00678,2026-08-25,frequent,0,1,1,1,0,0
member_00679,2026-08-19,occasional,1,1,1,0,0,0
member_00680,2026-08-28,frequent,0,1,1,0,0,0
member_00681,2026-08-13,occasional,1,0,0,0,1,0
member_00682,2026-08-20,frequent,1,1,1,1,1,0
member_00683,2026-08-28,occasional,0,0,0,0,0,0
member_00684,2026-08-25,frequent,0,1,1,0,0,0
member_00685,2026-08-27,occasional,0,0,0,0,0,0
member_00686,2026-08-28,frequent,0,1,1,0,0,0
member_00687,2026-08-09,occasional,1,1,1,0,0,1
member_00688,2026-08-06,frequent,1,0,0,0,1,0
member_00689,2026-08-14,occasional,1,0,0,0,0,0
member_00690,2026-08-20,frequent,1,1,1,0,1,0
member_00691,2026-08-03,occasional,1,0,0,0,0,0
member_00692,2026-08-06,frequent,1,1,1,1,1,0
member_00693,2026-08-27,occasional,0,0,0,0,0,0
member_00694,2026-08-26,frequent,0,1,0,0,0,0
member_00695,2026-08-27,occasional,0,1,1,1,0,0
member_00696,2026-08-07,frequent,1,1,1,0,1,0
member_00697,2026-08-01,occasional,1,0,0,0,0,0
member_00698,2026-08-28,frequent,0,0,0,0,0,0
member_00699,2026-08-11,occasional,1,0,0,0,1,0
member_00700,2026-08-26,frequent,0,1,1,1,0,0
member_00701,2026-08-08,occasional,1,1,1,1,1,0
member_00702,2026-08-17,frequent,1,0,0,0,1,0
member_00703,2026-08-07,occasional,1,0,0,0,1,0
member_00704,2026-08-23,frequent,0,1,1,0,0,1
member_00705,2026-08-18,occasional,1,1,1,1,0,0
member_00706,2026-08-11,frequent,1,1,1,1,0,0
member_00707,2026-08-23,occasional,0,0,0,0,0,0
member_00708,2026-08-12,frequent,1,1,1,0,1,0
member_00709,2026-08-13,occasional,1,0,0,0,0,0
member_00710,2026-08-13,frequent,1,1,1,1,1,0
member_00711,2026-08-20,occasional,1,1,1,0,1,0
member_00712,2026-08-17,frequent,1,1,0,0,1,0
member_00713,2026-08-26,occasional,0,1,0,0,0,0
member_00714,2026-08-16,frequent,1,1,0,0,0,0
member_00715,2026-08-04,occasional,1,0,0,0,0,0
member_00716,2026-08-05,frequent,1,1,0,0,1,0
member_00717,2026-08-16,occasional,1,0,0,0,0,0
member_00718,2026-08-14,frequent,1,1,1,1,1,0
member_00719,2026-08-15,occasional,1,0,0,0,0,0
member_00720,2026-08-01,frequent,1,1,1,1,1,0
member_00721,2026-08-21,occasional,1,0,0,0,0,0
member_00722,2026-08-24,frequent,0,1,1,0,1,0
member_00723,2026-08-01,occasional,1,0,0,0,0,0
member_00724,2026-08-09,frequent,1,1,1,1,1,1
member_00725,2026-08-21,occasional,1,1,0,0,1,0
member_00726,2026-08-13,frequent,1,1,1,0,1,0
member_00727,2026-08-17,occasional,1,1,1,0,0,0
member_00728,2026-08-26,frequent,0,1,1,0,0,0
member_00729,2026-08-11,occasional,1,1,1,1,0,0
member_00730,2026-08-04,frequent,1,1,1,1,1,0
member_00731,2026-08-04,occasional,1,1,0,0,0,0
member_00732,2026-08-07,frequent,1,1,0,0,1,0
member_00733,2026-08-22,occasional,0,0,0,0,0,0
member_00734,2026-08-20,frequent,1,0,0,0,1,0
member_00735,2026-08-08,occasional,1,0,0,0,0,0
member_00736,2026-08-15,frequent,1,1,0,0,0,0
member_00737,2026-08-21,occasional,1,1,1,1,0,0
member_00738,2026-08-10,frequent,1,1,1,0,1,0
member_00739,2026-08-18,occasional,1,1,0,0,1,0
member_00740,2026-08-13,frequent,1,1,1,1,1,0
member_00741,2026-08-10,occasional,1,1,1,1,0,0
member_00742,2026-08-28,frequent,0,1,0,0,0,0
member_00743,2026-08-23,occasional,0,1,0,0,0,0
member_00744,2026-08-10,frequent,1,1,1,0,1,0
member_00745,2026-08-25,occasional,0,0,0,0,1,0
member_00746,2026-08-18,frequent,1,1,1,0,1,1
member_00747,2026-08-03,occasional,1,0,0,0,0,0
member_00748,2026-08-09,frequent,1,0,0,0,1,0
member_00749,2026-08-02,occasional,1,0,0,0,0,0
member_00750,2026-08-25,frequent,0,1,0,0,0,0
member_00751,2026-08-16,occasional,1,1,1,0,0,0
member_00752,2026-08-11,frequent,1,1,1,0,1,0
member_00753,2026-08-03,occasional,1,0,0,0,1,0
member_00754,2026-08-07,frequent,1,1,1,1,1,0
member_00755,2026-08-09,occasional,1,1,0,0,0,0
member_00756,2026-08-10,frequent,1,1,0,0,1,0
member_00757,2026-08-12,occasional,1,0,0,0,1,0
member_00758,2026-08-04,frequent,1,1,1,1,1,0
member_00759,2026-08-19,occasional,1,0,0,0,1,0
member_00760,2026-08-09,frequent,1,0,0,0,1,0
member_00761,2026-08-27,occasional,0,1,1,1,0,0
member_00762,2026-08-16,frequent,1,1,1,1,1,0
member_00763,2026-08-28,occasional,0,0,0,0,0,0
member_00764,2026-08-21,frequent,1,1,0,0,1,0
member_00765,2026-08-28,occasional,0,1,1,1,0,0
member_00766,2026-08-16,frequent,1,1,1,0,1,0
member_00767,2026-08-06,occasional,1,0,0,0,0,0
member_00768,2026-08-17,frequent,1,1,1,0,1,0
member_00769,2026-08-10,occasional,1,1,1,1,0,0
member_00770,2026-08-24,frequent,0,1,0,0,0,0
member_00771,2026-08-09,occasional,1,0,0,0,0,0
member_00772,2026-08-26,frequent,0,1,1,0,0,0
member_00773,2026-08-05,occasional,1,0,0,0,1,0
member_00774,2026-08-03,frequent,1,0,0,0,1,0
member_00775,2026-08-06,occasional,1,0,0,0,1,0
member_00776,2026-08-03,frequent,1,1,0,0,1,0
member_00777,2026-08-17,occasional,1,0,0,0,0,0
member_00778,2026-08-23,frequent,0,1,1,1,0,0
member_00779,2026-08-05,occasional,1,0,0,0,0,0
member_00780,2026-08-08,frequent,1,1,1,1,1,0
member_00781,2026-08-02,occasional,1,1,1,1,0,0
member_00782,2026-08-23,frequent,0,1,1,0,1,0
member_00783,2026-08-10,occasional,1,0,0,0,1,0
member_00784,2026-08-14,frequent,1,1,0,0,1,0
member_00785,2026-08-21,occasional,1,0,0,0,1,0
member_00786,2026-08-13,frequent,1,1,1,1,1,0
member_00787,2026-08-24,occasional,0,0,0,0,0,0
member_00788,2026-08-09,frequent,1,0,0,0,1,0
member_00789,2026-08-09,occasional,1,0,0,0,1,0
member_00790,2026-08-20,frequent,1,1,1,0,1,0
member_00791,2026-08-03,occasional,1,0,0,0,0,0
member_00792,2026-08-06,frequent,1,1,1,1,0,0
member_00793,2026-08-01,occasional,1,0,0,0,0,0
member_00794,2026-08-11,frequent,1,1,1,0,1,0
member_00795,2026-08-06,occasional,1,0,0,0,0,0
member_00796,2026-08-01,frequent,1,1,1,1,1,0
member_00797,2026-08-07,occasional,1,0,0,0,1,0
member_00798,2026-08-20,frequent,1,1,0,0,1,0
member_00799,2026-08-13,occasional,1,0,0,0,0,0
member_00800,2026-08-27,frequent,0,1,1,0,0,0
member_00801,2026-08-02,occasional,1,0,0,0,0,0
member_00802,2026-08-21,frequent,1,1,1,1,1,0
member_00803,2026-08-02,occasional,1,1,0,0,0,0
member_00804,2026-08-12,frequent,1,1,1,0,0,0
member_00805,2026-08-20,occasional,1,1,1,0,0,0
member_00806,2026-08-04,frequent,1,1,1,1,0,0
member_00807,2026-08-15,occasional,1,1,1,0,0,0
member_00808,2026-08-23,frequent,0,1,1,1,1,1
member_00809,2026-08-14,occasional,1,1,0,0,0,0
member_00810,2026-08-24,frequent,0,1,1,1,0,1
member_00811,2026-08-01,occasional,1,0,0,0,0,0
member_00812,2026-08-08,frequent,1,1,0,0,1,0
member_00813,2026-08-21,occasional,1,0,0,0,0,0
member_00814,2026-08-28,frequent,0,1,1,0,0,0
member_00815,2026-08-19,occasional,1,1,0,0,1,0
member_00816,2026-08-18,frequent,1,1,1,0,0,0
member_00817,2026-08-27,occasional,0,0,0,0,0,0
member_00818,2026-08-02,frequent,1,1,1,0,1,1
member_00819,2026-08-02,occasional,1,0,0,0,0,0
member_00820,2026-08-07,frequent,1,1,1,1,1,0
member_00821,2026-08-11,occasional,1,0,0,0,0,0
member_00822,2026-08-22,frequent,0,0,0,0,0,0
member_00823,2026-08-01,occasional,1,1,1,0,1,0
member_00824,2026-08-22,frequent,0,0,0,0,1,0
member_00825,2026-08-01,occasional,1,0,0,0,0,0
member_00826,2026-08-09,frequent,1,1,1,0,1,0
member_00827,2026-08-11,occasional,1,1,0,0,0,0
member_00828,2026-08-16,frequent,1,1,1,0,0,0
member_00829,2026-08-27,occasional,0,0,0,0,0,0
member_00830,2026-08-28,frequent,0,1,0,0,0,0
member_00831,2026-08-19,occasional,1,0,0,0,0,0
member_00832,2026-08-23,frequent,0,1,1,1,1,0
member_00833,2026-08-09,occasional,1,0,0,0,1,0
member_00834,2026-08-20,frequent,1,0,0,0,1,0
member_00835,2026-08-17,occasional,1,0,0,0,0,0
member_00836,2026-08-11,frequent,1,0,0,0,1,0
member_00837,2026-08-20,occasional,1,1,1,1,0,0
member_00838,2026-08-15,frequent,1,1,1,1,1,0
member_00839,2026-08-28,occasional,0,1,0,0,0,0
member_00840,2026-08-09,frequent,1,1,0,0,0,0
member_00841,2026-08-08,occasional,1,0,0,0,0,0
member_00842,2026-08-24,frequent,0,1,1,1,0,0
member_00843,2026-08-17,occasional,1,1,1,1,1,1
member_00844,2026-08-11,frequent,1,1,1,1,1,0
member_00845,2026-08-07,occasional,1,0,0,0,1,0
member_00846,2026-08-03,frequent,1,0,0,0,0,0
member_00847,2026-08-01,occasional,1,0,0,0,1,0
member_00848,2026-08-22,frequent,0,1,1,0,1,0
member_00849,2026-08-12,occasional,1,1,1,1,0,0
member_00850,2026-08-23,frequent,0,0,0,0,0,0
member_00851,2026-08-20,occasional,1,1,1,1,1,0
member_00852,2026-08-13,frequent,1,0,0,0,0,0
member_00853,2026-08-28,occasional,0,0,0,0,0,0
member_00854,2026-08-05,frequent,1,1,0,0,1,0
member_00855,2026-08-09,occasional,1,1,1,1,0,0
member_00856,2026-08-24,frequent,0,1,1,0,0,0
member_00857,2026-08-02,occasional,1,0,0,0,0,0
member_00858,2026-08-15,frequent,1,1,0,0,1,0
member_00859,2026-08-25,occasional,0,0,0,0,1,0
member_00860,2026-08-23,frequent,0,0,0,0,1,0
member_00861,2026-08-26,occasional,0,0,0,0,0,0
member_00862,2026-08-26,frequent,0,0,0,0,0,0
member_00863,2026-08-09,occasional,1,1,1,1,0,0
member_00864,2026-08-27,frequent,0,1,0,0,0,0
member_00865,2026-08-02,occasional,1,0,0,0,0,0
member_00866,2026-08-24,frequent,0,1,1,1,0,0
member_00867,2026-08-24,occasional,0,0,0,0,0,0
member_00868,2026-08-10,frequent,1,1,0,0,0,0
member_00869,2026-08-02,occasional,1,0,0,0,0,0
member_00870,2026-08-09,frequent,1,1,0,0,1,0
member_00871,2026-08-02,occasional,1,1,1,1,0,0
member_00872,2026-08-16,frequent,1,0,0,0,1,0
member_00873,2026-08-28,occasional,0,1,0,0,0,0
member_00874,2026-08-11,frequent,1,1,1,0,0,0
member_00875,2026-08-23,occasional,0,0,0,0,0,0
member_00876,2026-08-13,frequent,1,1,1,1,1,0
member_00877,2026-08-03,occasional,1,0,0,0,0,0
member_00878,2026-08-27,frequent,0,1,1,0,0,1
member_00879,2026-08-06,occasional,1,1,0,0,0,0
member_00880,2026-08-24,frequent,0,1,1,0,0,0
member_00881,2026-08-08,occasional,1,1,1,1,1,0
member_00882,2026-08-14,frequent,1,0,0,0,1,0
member_00883,2026-08-25,occasional,0,0,0,0,0,0
member_00884,2026-08-14,frequent,1,1,0,0,1,0
member_00885,2026-08-27,occasional,0,0,0,0,0,0
member_00886,2026-08-16,frequent,1,1,1,1,1,0
member_00887,2026-08-08,occasional,1,1,1,1,0,0
member_00888,2026-08-03,frequent,1,1,1,1,1,0
member_00889,2026-08-21,occasional,1,0,0,0,0,0
member_00890,2026-08-16,frequent,1,1,0,0,1,0
member_00891,2026-08-22,occasional,0,0,0,0,0,0
member_00892,2026-08-04,frequent,1,1,1,1,1,0
member_00893,2026-08-17,occasional,1,1,1,0,1,0
member_00894,2026-08-28,frequent,0,0,0,0,0,0
member_00895,2026-08-21,occasional,1,0,0,0,0,0
member_00896,2026-08-04,frequent,1,1,0,0,1,0
member_00897,2026-08-15,occasional,1,0,0,0,0,0
member_00898,2026-08-08,frequent,1,1,0,0,1,0
member_00899,2026-08-22,occasional,0,0,0,0,0,0
member_00900,2026-08-18,frequent,1,1,1,1,1,0
member_00901,2026-08-14,occasional,1,1,1,0,0,0
member_00902,2026-08-04,frequent,1,1,1,0,1,0
member_00903,2026-08-27,occasional,0,0,0,0,0,0
member_00904,2026-08-24,frequent,0,1,1,0,0,0
member_00905,2026-08-21,occasional,1,0,0,0,1,0
member_00906,2026-08-10,frequent,1,0,0,0,0,0
member_00907,2026-08-25,occasional,0,1,0,0,0,0
member_00908,2026-08-24,frequent,0,1,0,0,0,0
member_00909,2026-08-16,occasional,1,0,0,0,0,0
member_00910,2026-08-04,frequent,1,1,1,1,1,0
member_00911,2026-08-03,occasional,1,0,0,0,1,0
member_00912,2026-08-21,frequent,1,1,0,0,1,0
member_00913,2026-08-21,occasional,1,0,0,0,0,0
member_00914,2026-08-01,frequent,1,1,1,1,1,0
member_00915,2026-08-24,occasional,0,0,0,0,0,0
member_00916,2026-08-04,frequent,1,1,0,0,1,0
member_00917,2026-08-16,occasional,1,1,1,0,0,0
member_00918,2026-08-28,frequent,0,1,1,1,0,0
member_00919,2026-08-15,occasional,1,0,0,0,0,0
member_00920,2026-08-21,frequent,1,1,1,0,0,0
member_00921,2026-08-05,occasional,1,0,0,0,0,0
member_00922,2026-08-02,frequent,1,1,1,0,0,0
member_00923,2026-08-04,occasional,1,1,1,1,0,1
member_00924,2026-08-13,frequent,1,0,0,0,1,0
member_00925,2026-08-26,occasional,0,1,1,1,0,0
member_00926,2026-08-19,frequent,1,1,1,1,1,1
member_00927,2026-08-01,occasional,1,1,0,0,0,0
member_00928,2026-08-20,frequent,1,1,1,1,1,0
member_00929,2026-08-25,occasional,0,0,0,0,0,0
member_00930,2026-08-14,frequent,1,1,0,0,0,0
member_00931,2026-08-26,occasional,0,1,1,0,0,0
member_00932,2026-08-12,frequent,1,0,0,0,0,0
member_00933,2026-08-13,occasional,1,0,0,0,0,0
member_00934,2026-08-03,frequent,1,1,1,0,0,0
member_00935,2026-08-04,occasional,1,1,0,0,0,0
member_00936,2026-08-09,frequent,1,1,0,0,0,0
member_00937,2026-08-05,occasional,1,0,0,0,1,0
member_00938,2026-08-09,frequent,1,0,0,0,1,0
member_00939,2026-08-05,occasional,1,1,1,1,0,0
member_00940,2026-08-25,frequent,0,1,0,0,0,0
member_00941,2026-08-01,occasional,1,1,0,0,1,0
member_00942,2026-08-02,frequent,1,1,1,1,1,0
member_00943,2026-08-25,occasional,0,1,1,0,0,0
member_00944,2026-08-04,frequent,1,1,1,0,1,0
member_00945,2026-08-19,occasional,1,0,0,0,1,0
member_00946,2026-08-12,frequent,1,1,1,1,1,0
member_00947,2026-08-20,occasional,1,0,0,0,0,0
member_00948,2026-08-18,frequent,1,0,0,0,1,0
member_00949,2026-08-14,occasional,1,0,0,0,0,0
member_00950,2026-08-16,frequent,1,1,1,0,1,0
member_00951,2026-08-09,occasional,1,0,0,0,0,0
member_00952,2026-08-20,frequent,1,0,0,0,1,0
member_00953,2026-08-16,occasional,1,0,0,0,0,0
member_00954,2026-08-05,frequent,1,1,1,1,1,0
member_00955,2026-08-18,occasional,1,1,1,0,0,0
member_00956,2026-08-21,frequent,1,1,1,1,0,0
member_00957,2026-08-20,occasional,1,1,1,0,1,0
member_00958,2026-08-02,frequent,1,1,1,1,1,0
member_00959,2026-08-27,occasional,0,0,0,0,0,0
member_00960,2026-08-02,frequent,1,1,0,0,1,0
member_00961,2026-08-25,occasional,0,0,0,0,0,0
member_00962,2026-08-26,frequent,0,1,0,0,1,0
member_00963,2026-08-11,occasional,1,0,0,0,0,0
member_00964,2026-08-04,frequent,1,1,0,0,1,0
member_00965,2026-08-16,occasional,1,0,0,0,1,0
member_00966,2026-08-18,frequent,1,1,1,1,1,0
member_00967,2026-08-24,occasional,0,0,0,0,0,0
member_00968,2026-08-18,frequent,1,1,1,1,1,0
member_00969,2026-08-24,occasional,0,0,0,0,1,0
member_00970,2026-08-14,frequent,1,1,1,1,0,0
member_00971,2026-08-20,occasional,1,0,0,0,0,0
member_00972,2026-08-20,frequent,1,0,0,0,1,0
member_00973,2026-08-09,occasional,1,0,0,0,0,0
member_00974,2026-08-19,frequent,1,1,1,1,1,0
member_00975,2026-08-04,occasional,1,0,0,0,0,0
member_00976,2026-08-22,frequent,0,0,0,0,1,0
member_00977,2026-08-01,occasional,1,0,0,0,0,0
member_00978,2026-08-04,frequent,1,1,1,0,1,0
member_00979,2026-08-22,occasional,0,0,0,0,0,0
member_00980,2026-08-16,frequent,1,1,1,1,1,0
member_00981,2026-08-24,occasional,0,1,0,0,0,0
member_00982,2026-08-22,frequent,1,0,0,0,1,0
member_00983,2026-08-12,occasional,1,0,0,0,1,0
member_00984,2026-08-02,frequent,1,1,1,0,1,0
member_00985,2026-08-17,occasional,1,0,0,0,0,0
member_00986,2026-08-14,frequent,1,1,1,1,1,0
member_00987,2026-08-12,occasional,1,0,0,0,0,0
member_00988,2026-08-28,frequent,0,0,0,0,0,0
member_00989,2026-08-06,occasional,1,0,0,0,0,0
member_00990,2026-08-16,frequent,1,1,1,1,1,1
member_00991,2026-08-08,occasional,1,0,0,0,1,0
member_00992,2026-08-13,frequent,1,0,0,0,1,0
member_00993,2026-08-22,occasional,0,1,0,0,1,0
member_00994,2026-08-17,frequent,1,1,0,0,1,0
member_00995,2026-08-04,occasional,1,0,0,0,0,0
member_00996,2026-08-05,frequent,1,1,1,1,1,0
member_00997,2026-08-06,occasional,1,0,0,0,0,0
member_00998,2026-08-01,frequent,1,1,1,1,0,0
member_00999,2026-08-21,occasional,1,0,0,0,0,0
member_01000,2026-08-15,frequent,1,1,1,1,1,0
member_01001,2026-08-11,occasional,1,0,0,0,0,0
member_01002,2026-08-06,frequent,1,1,0,0,1,0
member_01003,2026-08-01,occasional,1,0,0,0,1,0
member_01004,2026-08-19,frequent,1,1,1,1,1,0
member_01005,2026-08-24,occasional,0,0,0,0,1,0
member_01006,2026-08-11,frequent,1,1,1,0,1,0
member_01007,2026-08-12,occasional,1,1,1,1,0,0
member_01008,2026-08-11,frequent,1,1,0,0,1,0
member_01009,2026-08-28,occasional,0,1,0,0,0,0
member_01010,2026-08-21,frequent,1,1,1,1,1,0
member_01011,2026-08-16,occasional,1,0,0,0,0,0
member_01012,2026-08-20,frequent,1,1,1,1,0,0
member_01013,2026-08-17,occasional,1,0,0,0,1,0
member_01014,2026-08-25,frequent,0,1,0,0,1,0
member_01015,2026-08-18,occasional,1,0,0,0,0,0
member_01016,2026-08-21,frequent,1,1,1,0,1,0
member_01017,2026-08-17,occasional,1,0,0,0,0,0
member_01018,2026-08-04,frequent,1,1,1,1,1,0
member_01019,2026-08-10,occasional,1,1,1,1,0,0
member_01020,2026-08-02,frequent,1,0,0,0,0,0
member_01021,2026-08-04,occasional,1,0,0,0,0,0
member_01022,2026-08-04,frequent,1,1,1,1,0,0
member_01023,2026-08-18,occasional,1,1,1,0,1,0
member_01024,2026-08-04,frequent,1,1,1,1,1,0
member_01025,2026-08-27,occasional,0,0,0,0,0,0
member_01026,2026-08-07,frequent,1,1,1,1,0,0
member_01027,2026-08-04,occasional,1,0,0,0,0,0
member_01028,2026-08-14,frequent,1,1,1,0,1,0
member_01029,2026-08-12,occasional,1,0,0,0,0,0
member_01030,2026-08-19,frequent,1,1,1,0,1,0
member_01031,2026-08-20,occasional,1,0,0,0,0,0
member_01032,2026-08-05,frequent,1,1,1,0,0,0
member_01033,2026-08-11,occasional,1,1,0,0,1,0
member_01034,2026-08-20,frequent,1,1,1,0,1,0
member_01035,2026-08-07,occasional,1,0,0,0,1,0
member_01036,2026-08-21,frequent,1,1,1,0,1,1
member_01037,2026-08-01,occasional,1,0,0,0,0,0
member_01038,2026-08-27,frequent,0,0,0,0,0,0
member_01039,2026-08-21,occasional,1,0,0,0,0,0
member_01040,2026-08-18,frequent,1,0,0,0,1,0
member_01041,2026-08-05,occasional,1,0,0,0,0,0
member_01042,2026-08-02,frequent,1,1,1,1,0,0
member_01043,2026-08-28,occasional,0,0,0,0,0,0
member_01044,2026-08-20,frequent,1,1,1,1,0,0
member_01045,2026-08-04,occasional,1,0,0,0,0,0
member_01046,2026-08-07,frequent,1,1,1,1,0,0
member_01047,2026-08-05,occasional,1,0,0,0,0,0
member_01048,2026-08-06,frequent,1,1,0,0,1,0
member_01049,2026-08-28,occasional,0,0,0,0,0,0
member_01050,2026-08-20,frequent,1,1,0,0,1,0
member_01051,2026-08-23,occasional,0,0,0,0,1,0
member_01052,2026-08-07,frequent,1,1,1,0,1,0
member_01053,2026-08-12,occasional,1,1,1,1,0,0
member_01054,2026-08-20,frequent,1,1,1,1,1,0
member_01055,2026-08-23,occasional,0,0,0,0,0,0
member_01056,2026-08-21,frequent,1,1,1,1,1,0
member_01057,2026-08-07,occasional,1,0,0,0,0,0
member_01058,2026-08-26,frequent,0,1,0,0,0,0
member_01059,2026-08-22,occasional,0,0,0,0,0,0
member_01060,2026-08-25,frequent,0,1,1,0,0,0
member_01061,2026-08-02,occasional,1,1,1,1,1,0
member_01062,2026-08-11,frequent,1,1,0,0,0,0
member_01063,2026-08-07,occasional,1,0,0,0,0,0
member_01064,2026-08-28,frequent,0,1,0,0,0,0
member_01065,2026-08-11,occasional,1,0,0,0,0,0
member_01066,2026-08-26,frequent,0,1,1,1,0,0
member_01067,2026-08-15,occasional,1,1,1,0,0,0
member_01068,2026-08-16,frequent,1,1,0,0,1,0
member_01069,2026-08-21,occasional,1,0,0,0,0,0
member_01070,2026-08-22,frequent,0,1,1,1,0,0
member_01071,2026-08-10,occasional,1,1,1,0,0,0
member_01072,2026-08-06,frequent,1,1,1,1,1,0
member_01073,2026-08-09,occasional,1,0,0,0,0,0
member_01074,2026-08-24,frequent,0,1,1,1,0,0
member_01075,2026-08-18,occasional,1,1,1,0,0,0
member_01076,2026-08-15,frequent,1,1,0,0,1,0
member_01077,2026-08-25,occasional,0,1,1,0,0,0
member_01078,2026-08-03,frequent,1,1,0,0,1,0
member_01079,2026-08-04,occasional,1,0,0,0,0,0
member_01080,2026-08-11,frequent,1,1,1,1,1,0
member_01081,2026-08-21,occasional,1,1,0,0,1,0
member_01082,2026-08-13,frequent,1,1,0,0,1,0
member_01083,2026-08-17,occasional,1,1,0,0,0,0
member_01084,2026-08-23,frequent,0,1,1,0,0,0
member_01085,2026-08-11,occasional,1,0,0,0,0,0
member_01086,2026-08-08,frequent,1,1,0,0,0,0
member_01087,2026-08-19,occasional,1,0,0,0,0,0
member_01088,2026-08-28,frequent,0,0,1,1,0,0
member_01089,2026-08-02,occasional,1,0,0,0,0,0
member_01090,2026-08-19,frequent,1,0,0,0,0,0
member_01091,2026-08-20,occasional,1,0,0,0,0,0
member_01092,2026-08-06,frequent,1,1,1,1,1,0
member_01093,2026-08-18,occasional,1,1,1,0,0,0
member_01094,2026-08-20,frequent,1,1,1,1,1,0
member_01095,2026-08-01,occasional,1,0,0,0,1,0
member_01096,2026-08-15,frequent,1,1,0,0,0,0
member_01097,2026-08-06,occasional,1,0,0,0,0,0
member_01098,2026-08-22,frequent,0,1,1,1,0,1
member_01099,2026-08-05,occasional,1,0,0,0,0,0
member_01100,2026-08-14,frequent,1,0,0,0,1,0
member_01101,2026-08-21,occasional,1,0,0,0,0,0
member_01102,2026-08-04,frequent,1,1,1,0,1,0
member_01103,2026-08-27,occasional,0,1,0,0,0,0
member_01104,2026-08-06,frequent,1,1,1,1,1,0
member_01105,2026-08-21,occasional,1,1,1,1,1,0
member_01106,2026-08-19,frequent,1,1,0,0,1,0
member_01107,2026-08-24,occasional,0,0,0,0,0,0
member_01108,2026-08-22,frequent,0,1,1,0,1,0
member_01109,2026-08-22,occasional,0,0,0,0,0,0
member_01110,2026-08-19,frequent,1,0,0,0,1,0
member_01111,2026-08-27,occasional,0,0,0,0,0,0
member_01112,2026-08-17,frequent,1,1,1,0,1,0
member_01113,2026-08-03,occasional,1,0,0,0,0,0
member_01114,2026-08-01,frequent,1,1,0,0,1,0
member_01115,2026-08-15,occasional,1,1,1,1,0,1
member_01116,2026-08-17,frequent,1,1,1,1,1,0
member_01117,2026-08-01,occasional,1,0,0,0,0,0
member_01118,2026-08-08,frequent,1,1,1,0,1,0
member_01119,2026-08-16,occasional,1,0,0,0,0,0
member_01120,2026-08-02,frequent,1,1,1,0,0,1
member_01121,2026-08-05,occasional,1,1,0,0,1,0
member_01122,2026-08-26,frequent,0,1,1,1,0,0
member_01123,2026-08-26,occasional,0,0,0,0,0,0
member_01124,2026-08-15,frequent,1,1,0,0,0,0
member_01125,2026-08-26,occasional,0,0,0,0,0,0
member_01126,2026-08-27,frequent,0,1,1,1,0,0
member_01127,2026-08-26,occasional,0,0,0,0,0,0
member_01128,2026-08-07,frequent,1,1,1,0,0,0
member_01129,2026-08-21,occasional,1,0,0,0,0,0
member_01130,2026-08-02,frequent,1,1,0,0,1,0
member_01131,2026-08-11,occasional,1,1,1,1,0,0
member_01132,2026-08-28,frequent,0,0,0,0,0,0
member_01133,2026-08-24,occasional,0,1,0,0,0,0
member_01134,2026-08-01,frequent,1,1,1,0,1,0
member_01135,2026-08-27,occasional,0,0,0,0,0,0
member_01136,2026-08-26,frequent,0,1,0,0,0,0
member_01137,2026-08-09,occasional,1,0,0,0,0,0
member_01138,2026-08-21,frequent,1,1,0,0,1,0
member_01139,2026-08-25,occasional,0,0,0,0,0,0
member_01140,2026-08-23,frequent,0,1,1,0,0,0
member_01141,2026-08-25,occasional,0,1,1,1,0,0
member_01142,2026-08-13,frequent,1,1,1,1,1,0
member_01143,2026-08-25,occasional,0,0,0,0,0,0
member_01144,2026-08-01,frequent,1,1,1,1,1,0
member_01145,2026-08-11,occasional,1,0,0,0,0,0
member_01146,2026-08-16,frequent,1,1,1,0,1,1
member_01147,2026-08-21,occasional,1,0,0,0,1,0
member_01148,2026-08-10,frequent,1,1,0,0,1,0
member_01149,2026-08-22,occasional,0,0,0,0,0,0
member_01150,2026-08-26,frequent,0,1,0,0,0,0
member_01151,2026-08-11,occasional,1,0,0,0,1,0
member_01152,2026-08-14,frequent,1,1,0,0,1,0
member_01153,2026-08-25,occasional,0,0,0,0,0,0
member_01154,2026-08-16,frequent,1,1,1,1,1,0
member_01155,2026-08-19,occasional,1,0,0,0,0,0
member_01156,2026-08-27,frequent,0,1,1,0,0,0
member_01157,2026-08-05,occasional,1,0,0,0,1,0
member_01158,2026-08-20,frequent,1,1,1,0,1,0
member_01159,2026-08-11,occasional,1,0,0,0,0,0
member_01160,2026-08-10,frequent,1,1,1,1,1,0
member_01161,2026-08-08,occasional,1,1,0,0,0,0
member_01162,2026-08-14,frequent,1,1,0,0,1,0
member_01163,2026-08-13,occasional,1,1,1,1,0,0
member_01164,2026-08-19,frequent,1,1,1,1,1,0
member_01165,2026-08-04,occasional,1,1,1,0,0,0
member_01166,2026-08-21,frequent,1,0,0,0,1,0
member_01167,2026-08-09,occasional,1,0,0,0,0,0
member_01168,2026-08-22,frequent,0,1,1,0,1,0
member_01169,2026-08-07,occasional,1,1,1,0,0,0
member_01170,2026-08-24,frequent,0,1,1,0,0,0
member_01171,2026-08-05,occasional,1,0,0,0,0,0
member_01172,2026-08-18,frequent,1,1,0,0,1,0
member_01173,2026-08-28,occasional,0,0,0,0,0,0
member_01174,2026-08-25,frequent,0,1,1,0,0,0
member_01175,2026-08-27,occasional,0,1,1,0,0,0
member_01176,2026-08-26,frequent,0,1,0,0,0,0
member_01177,2026-08-26,occasional,0,0,0,0,0,0
member_01178,2026-08-07,frequent,1,1,0,0,1,0
member_01179,2026-08-10,occasional,1,1,1,1,0,0
member_01180,2026-08-22,frequent,0,1,1,1,1,0
member_01181,2026-08-06,occasional,1,1,0,0,0,0
member_01182,2026-08-02,frequent,1,1,0,0,1,0
member_01183,2026-08-15,occasional,1,1,1,0,0,0
member_01184,2026-08-04,frequent,1,1,0,0,1,0
member_01185,2026-08-16,occasional,1,0,0,0,0,0
member_01186,2026-08-22,frequent,0,1,0,0,1,0
member_01187,2026-08-07,occasional,1,1,0,0,0,0
member_01188,2026-08-07,frequent,1,1,1,1,1,0
member_01189,2026-08-12,occasional,1,0,0,0,1,0
member_01190,2026-08-15,frequent,1,1,0,0,1,0
member_01191,2026-08-14,occasional,1,0,0,0,1,0
member_01192,2026-08-05,frequent,1,1,1,1,0,0
member_01193,2026-08-18,occasional,1,1,1,0,0,0
member_01194,2026-08-17,frequent,1,1,1,0,1,0
member_01195,2026-08-04,occasional,1,0,0,0,0,0
member_01196,2026-08-24,frequent,0,1,1,1,0,0
member_01197,2026-08-21,occasional,1,0,0,0,1,0
member_01198,2026-08-21,frequent,1,1,0,0,1,0
member_01199,2026-08-06,occasional,1,1,0,0,0,0
member_01200,2026-08-21,frequent,1,1,0,0,1,0
member_01201,2026-08-25,occasional,0,0,0,0,0,0
member_01202,2026-08-25,frequent,0,1,1,0,1,0
member_01203,2026-08-07,occasional,1,0,0,0,0,0
member_01204,2026-08-28,frequent,0,1,1,0,0,1
member_01205,2026-08-01,occasional,1,1,0,0,0,0
member_01206,2026-08-18,frequent,1,1,1,1,0,0
member_01207,2026-08-20,occasional,1,0,0,0,0,0
member_01208,2026-08-25,frequent,0,1,0,0,0,0
member_01209,2026-08-10,occasional,1,0,0,0,0,0
member_01210,2026-08-14,frequent,1,1,0,0,1,0
member_01211,2026-08-25,occasional,0,1,0,0,0,0
member_01212,2026-08-26,frequent,0,0,0,0,0,0
member_01213,2026-08-26,occasional,0,0,0,0,0,0
member_01214,2026-08-17,frequent,1,1,1,1,1,0
member_01215,2026-08-10,occasional,1,1,0,0,0,0
member_01216,2026-08-15,frequent,1,1,1,1,1,0
member_01217,2026-08-22,occasional,0,0,0,0,0,0
member_01218,2026-08-25,frequent,0,0,0,0,0,0
member_01219,2026-08-22,occasional,0,0,0,0,1,0
member_01220,2026-08-19,frequent,1,1,1,0,0,0
member_01221,2026-08-25,occasional,0,0,0,0,0,0
member_01222,2026-08-02,frequent,1,1,1,1,1,0
member_01223,2026-08-28,occasional,0,0,0,0,0,0
member_01224,2026-08-09,frequent,1,1,1,1,1,0
member_01225,2026-08-14,occasional,1,0,0,0,1,0
member_01226,2026-08-11,frequent,1,1,1,0,1,0
member_01227,2026-08-12,occasional,1,1,1,1,0,1
member_01228,2026-08-03,frequent,1,1,1,0,0,0
member_01229,2026-08-02,occasional,1,0,0,0,1,0
member_01230,2026-08-25,frequent,0,0,0,0,0,0
member_01231,2026-08-22,occasional,1,1,1,1,1,0
member_01232,2026-08-06,frequent,1,1,0,0,1,0
member_01233,2026-08-17,occasional,1,0,0,0,0,0
member_01234,2026-08-23,frequent,0,1,1,1,1,0
member_01235,2026-08-10,occasional,1,0,0,0,0,0
member_01236,2026-08-07,frequent,1,0,0,0,1,0
member_01237,2026-08-22,occasional,0,1,1,1,0,0
member_01238,2026-08-11,frequent,1,1,0,0,1,0
member_01239,2026-08-23,occasional,0,1,1,0,0,1
member_01240,2026-08-01,frequent,1,0,0,0,1,0
member_01241,2026-08-05,occasional,1,0,0,0,0,0
member_01242,2026-08-10,frequent,1,1,1,0,0,0
member_01243,2026-08-12,occasional,1,0,0,0,0,0
member_01244,2026-08-28,frequent,0,1,1,1,0,0
member_01245,2026-08-10,occasional,1,0,0,0,0,0
member_01246,2026-08-22,frequent,0,1,1,0,0,0
member_01247,2026-08-12,occasional,1,1,0,0,0,0
member_01248,2026-08-15,frequent,1,1,1,1,0,0
member_01249,2026-08-24,occasional,0,0,0,0,0,0
member_01250,2026-08-20,frequent,1,1,0,0,0,0
member_01251,2026-08-16,occasional,1,0,0,0,0,0
member_01252,2026-08-20,frequent,1,1,1,1,1,0
member_01253,2026-08-16,occasional,1,1,0,0,0,0
member_01254,2026-08-27,frequent,0,0,0,0,0,0
member_01255,2026-08-13,occasional,1,0,0,0,0,0
member_01256,2026-08-21,frequent,1,1,1,1,1,0
member_01257,2026-08-26,occasional,0,0,0,0,0,0
member_01258,2026-08-18,frequent,1,1,1,0,1,0
member_01259,2026-08-17,occasional,1,0,0,0,0,0
member_01260,2026-08-21,frequent,1,1,1,0,0,0
member_01261,2026-08-23,occasional,0,1,1,0,0,0
member_01262,2026-08-07,frequent,1,1,1,1,0,0
member_01263,2026-08-08,occasional,1,0,0,0,0,0
member_01264,2026-08-28,frequent,0,0,1,1,0,0
member_01265,2026-08-28,occasional,0,1,1,1,0,0
member_01266,2026-08-07,frequent,1,1,1,1,1,0
member_01267,2026-08-15,occasional,1,0,0,0,0,0
member_01268,2026-08-07,frequent,1,1,0,0,1,0
member_01269,2026-08-24,occasional,0,1,0,0,0,0
member_01270,2026-08-04,frequent,1,0,0,0,1,0
member_01271,2026-08-07,occasional,1,0,0,0,0,0
member_01272,2026-08-16,frequent,1,1,0,0,1,0
member_01273,2026-08-15,occasional,1,1,1,0,0,0
member_01274,2026-08-04,frequent,1,1,0,0,0,0
member_01275,2026-08-08,occasional,1,0,0,0,0,0
member_01276,2026-08-11,frequent,1,1,1,1,1,0
member_01277,2026-08-14,occasional,1,0,0,0,1,0
member_01278,2026-08-01,frequent,1,0,0,0,0,0
member_01279,2026-08-28,occasional,0,0,1,0,0,0
member_01280,2026-08-19,frequent,1,1,0,0,0,0
member_01281,2026-08-02,occasional,1,0,0,0,0,0
member_01282,2026-08-11,frequent,1,1,1,0,1,0
member_01283,2026-08-05,occasional,1,1,0,0,1,0
member_01284,2026-08-27,frequent,0,0,0,0,0,0
member_01285,2026-08-24,occasional,0,0,0,0,0,0
member_01286,2026-08-08,frequent,1,1,1,0,1,0
member_01287,2026-08-14,occasional,1,0,0,0,0,0
member_01288,2026-08-13,frequent,1,1,1,1,1,0
member_01289,2026-08-14,occasional,1,0,0,0,1,0
member_01290,2026-08-09,frequent,1,0,0,0,1,0
member_01291,2026-08-11,occasional,1,1,1,0,1,0
member_01292,2026-08-23,frequent,0,1,0,0,1,0
member_01293,2026-08-24,occasional,0,0,0,0,0,0
member_01294,2026-08-07,frequent,1,0,0,0,1,0
member_01295,2026-08-25,occasional,0,1,0,0,0,0
member_01296,2026-08-19,frequent,1,1,1,0,1,0
member_01297,2026-08-07,occasional,1,0,0,0,0,0
member_01298,2026-08-03,frequent,1,1,1,0,1,0
member_01299,2026-08-17,occasional,1,1,0,0,1,0
member_01300,2026-08-12,frequent,1,1,1,0,0,0
member_01301,2026-08-07,occasional,1,1,1,0,0,0
member_01302,2026-08-03,frequent,1,0,0,0,1,0
member_01303,2026-08-03,occasional,1,0,0,0,0,0
member_01304,2026-08-06,frequent,1,1,1,1,0,0
member_01305,2026-08-20,occasional,1,0,0,0,0,0
member_01306,2026-08-17,frequent,1,1,1,1,1,0
member_01307,2026-08-24,occasional,0,0,0,0,0,0
member_01308,2026-08-06,frequent,1,1,1,1,1,0
member_01309,2026-08-17,occasional,1,0,0,0,0,0
member_01310,2026-08-11,frequent,1,1,1,0,0,0
member_01311,2026-08-12,occasional,1,0,0,0,0,0
member_01312,2026-08-04,frequent,1,0,0,0,0,0
member_01313,2026-08-11,occasional,1,0,0,0,1,0
member_01314,2026-08-08,frequent,1,0,0,0,0,0
member_01315,2026-08-27,occasional,0,0,0,0,0,0
member_01316,2026-08-06,frequent,1,1,1,1,1,0
member_01317,2026-08-12,occasional,1,1,0,0,0,0
member_01318,2026-08-03,frequent,1,1,0,0,0,0
member_01319,2026-08-26,occasional,0,0,0,0,0,0
member_01320,2026-08-27,frequent,0,1,0,0,0,0
member_01321,2026-08-15,occasional,1,0,0,0,1,0
member_01322,2026-08-01,frequent,1,1,0,0,1,0
member_01323,2026-08-09,occasional,1,1,0,0,1,0
member_01324,2026-08-07,frequent,1,0,0,0,0,0
member_01325,2026-08-12,occasional,1,1,1,1,0,0
member_01326,2026-08-13,frequent,1,0,0,0,0,0
member_01327,2026-08-25,occasional,0,0,0,0,0,0
member_01328,2026-08-18,frequent,1,1,1,1,0,0
member_01329,2026-08-17,occasional,1,0,0,0,0,0
member_01330,2026-08-11,frequent,1,1,1,1,1,1
member_01331,2026-08-21,occasional,1,0,0,0,0,0
member_01332,2026-08-03,frequent,1,1,1,1,1,0
member_01333,2026-08-05,occasional,1,1,1,1,0,0
member_01334,2026-08-22,frequent,0,1,1,0,0,0
member_01335,2026-08-16,occasional,1,0,0,0,0,0
member_01336,2026-08-18,frequent,1,1,1,1,0,0
member_01337,2026-08-26,occasional,0,0,0,0,1,0
member_01338,2026-08-19,frequent,1,1,1,0,1,0
member_01339,2026-08-27,occasional,0,1,1,1,0,0
member_01340,2026-08-04,frequent,1,1,1,0,0,0
member_01341,2026-08-11,occasional,1,0,0,0,1,0
member_01342,2026-08-25,frequent,0,1,1,1,0,0
member_01343,2026-08-17,occasional,1,1,1,1,1,0
member_01344,2026-08-27,frequent,0,1,0,0,0,0
member_01345,2026-08-07,occasional,1,0,0,0,0,0
member_01346,2026-08-18,frequent,1,1,0,0,1,0
member_01347,2026-08-19,occasional,1,0,0,0,0,0
member_01348,2026-08-16,frequent,1,0,0,0,1,0
member_01349,2026-08-23,occasional,0,0,0,0,0,0
member_01350,2026-08-12,frequent,1,1,1,1,1,0
member_01351,2026-08-04,occasional,1,0,0,0,1,0
member_01352,2026-08-02,frequent,1,1,1,0,1,0
member_01353,2026-08-07,occasional,1,0,0,0,0,0
member_01354,2026-08-27,frequent,0,1,1,0,0,0
member_01355,2026-08-03,occasional,1,0,0,0,0,0
member_01356,2026-08-07,frequent,1,1,1,1,1,0
member_01357,2026-08-21,occasional,1,0,0,0,1,0
member_01358,2026-08-23,frequent,0,1,0,0,1,0
member_01359,2026-08-25,occasional,0,0,0,0,0,0
member_01360,2026-08-02,frequent,1,1,0,0,1,0
member_01361,2026-08-21,occasional,1,1,1,1,0,0
member_01362,2026-08-18,frequent,1,1,0,0,1,0
member_01363,2026-08-20,occasional,1,0,0,0,1,0
member_01364,2026-08-27,frequent,0,1,0,0,0,0
member_01365,2026-08-16,occasional,1,1,1,0,0,0
member_01366,2026-08-27,frequent,0,0,0,0,0,0
member_01367,2026-08-20,occasional,1,0,0,0,0,0
member_01368,2026-08-15,frequent,1,1,1,1,0,0
member_01369,2026-08-18,occasional,1,1,1,1,0,0
member_01370,2026-08-26,frequent,0,1,1,1,0,0
member_01371,2026-08-02,occasional,1,1,1,0,1,0
member_01372,2026-08-12,frequent,1,1,1,1,1,0
member_01373,2026-08-07,occasional,1,0,0,0,0,0
member_01374,2026-08-19,frequent,1,1,1,1,1,0
member_01375,2026-08-04,occasional,1,1,1,0,1,0
member_01376,2026-08-06,frequent,1,1,0,0,1,0
member_01377,2026-08-14,occasional,1,0,0,0,0,0
member_01378,2026-08-06,frequent,1,1,1,0,0,0
member_01379,2026-08-16,occasional,1,1,0,0,0,0
member_01380,2026-08-12,frequent,1,1,1,0,1,0
member_01381,2026-08-24,occasional,0,0,0,0,0,0
member_01382,2026-08-01,frequent,1,0,0,0,1,0
member_01383,2026-08-11,occasional,1,0,0,0,0,0
member_01384,2026-08-12,frequent,1,1,1,1,1,1
member_01385,2026-08-06,occasional,1,0,0,0,0,0
member_01386,2026-08-05,frequent,1,1,1,1,1,0
member_01387,2026-08-05,occasional,1,0,0,0,1,0
member_01388,2026-08-02,frequent,1,1,1,0,1,0
member_01389,2026-08-22,occasional,0,0,0,0,0,0
member_01390,2026-08-13,frequent,1,1,0,0,1,0
member_01391,2026-08-17,occasional,1,0,0,0,1,0
member_01392,2026-08-19,frequent,1,0,0,0,0,0
member_01393,2026-08-27,occasional,0,0,1,1,0,0
member_01394,2026-08-27,frequent,0,1,1,0,0,0
member_01395,2026-08-14,occasional,1,0,0,0,0,0
member_01396,2026-08-18,frequent,1,1,1,0,0,0
member_01397,2026-08-12,occasional,1,0,0,0,1,0
member_01398,2026-08-28,frequent,0,1,0,0,0,0
member_01399,2026-08-05,occasional,1,1,1,0,0,0
member_01400,2026-08-16,frequent,1,1,0,0,0,0
member_01401,2026-08-03,occasional,1,1,1,1,0,0
member_01402,2026-08-14,frequent,1,1,1,1,1,0
member_01403,2026-08-05,occasional,1,1,0,0,1,0
member_01404,2026-08-02,frequent,1,1,1,1,1,0
member_01405,2026-08-02,occasional,1,0,0,0,0,0
member_01406,2026-08-27,frequent,0,0,1,1,0,0
member_01407,2026-08-14,occasional,1,0,0,0,0,0
member_01408,2026-08-14,frequent,1,0,0,0,0,0
member_01409,2026-08-12,occasional,1,0,0,0,1,0
member_01410,2026-08-10,frequent,1,1,1,0,1,0
member_01411,2026-08-28,occasional,0,0,0,0,0,0
member_01412,2026-08-25,frequent,0,0,0,0,0,0
member_01413,2026-08-23,occasional,0,0,0,0,0,0
member_01414,2026-08-17,frequent,1,1,0,0,1,0
member_01415,2026-08-15,occasional,1,1,0,0,0,0
member_01416,2026-08-20,frequent,1,1,1,1,0,0
member_01417,2026-08-05,occasional,1,1,1,0,1,0
member_01418,2026-08-24,frequent,0,1,1,0,1,0
member_01419,2026-08-21,occasional,1,0,0,0,1,0
member_01420,2026-08-14,frequent,1,1,1,1,0,0
member_01421,2026-08-04,occasional,1,0,0,0,1,0
member_01422,2026-08-10,frequent,1,1,1,1,1,0
member_01423,2026-08-08,occasional,1,0,0,0,0,0
member_01424,2026-08-09,frequent,1,1,1,0,1,0
member_01425,2026-08-12,occasional,1,1,1,0,0,0
member_01426,2026-08-08,frequent,1,1,0,0,1,0
member_01427,2026-08-07,occasional,1,0,0,0,0,0
member_01428,2026-08-09,frequent,1,1,0,0,0,0
member_01429,2026-08-13,occasional,1,0,0,0,0,0
member_01430,2026-08-24,frequent,0,1,1,0,1,0
member_01431,2026-08-03,occasional,1,0,0,0,0,0
member_01432,2026-08-01,frequent,1,1,0,0,1,0
member_01433,2026-08-07,occasional,1,0,0,0,0,0
member_01434,2026-08-03,frequent,1,0,0,0,1,0
member_01435,2026-08-01,occasional,1,0,0,0,0,0
member_01436,2026-08-01,frequent,1,1,1,0,1,1
member_01437,2026-08-14,occasional,1,0,0,0,0,0
member_01438,2026-08-27,frequent,0,0,0,0,0,0
member_01439,2026-08-07,occasional,1,0,0,0,0,0
member_01440,2026-08-28,frequent,0,1,0,0,0,0
member_01441,2026-08-05,occasional,1,0,0,0,0,0
member_01442,2026-08-24,frequent,0,1,1,0,0,0
member_01443,2026-08-08,occasional,1,0,0,0,0,0
member_01444,2026-08-24,frequent,0,0,0,0,0,0
member_01445,2026-08-07,occasional,1,1,1,1,0,0
member_01446,2026-08-18,frequent,1,0,0,0,1,0
member_01447,2026-08-23,occasional,0,0,0,0,0,0
member_01448,2026-08-05,frequent,1,1,1,1,0,0
member_01449,2026-08-06,occasional,1,0,0,0,1,0
member_01450,2026-08-03,frequent,1,0,0,0,0,0
member_01451,2026-08-16,occasional,1,1,0,0,1,0
member_01452,2026-08-03,frequent,1,1,1,0,1,0
member_01453,2026-08-28,occasional,0,1,1,1,0,0
member_01454,2026-08-09,frequent,1,1,0,0,1,0
member_01455,2026-08-06,occasional,1,1,0,0,1,0
member_01456,2026-08-04,frequent,1,1,1,1,1,0
member_01457,2026-08-03,occasional,1,0,0,0,0,0
member_01458,2026-08-03,frequent,1,1,0,0,1,0
member_01459,2026-08-23,occasional,0,1,1,1,0,0
member_01460,2026-08-26,frequent,0,1,1,0,0,0
member_01461,2026-08-16,occasional,1,0,0,0,0,0
member_01462,2026-08-28,frequent,0,1,0,0,0,0
member_01463,2026-08-27,occasional,0,0,0,0,0,0
member_01464,2026-08-12,frequent,1,1,0,0,0,0
member_01465,2026-08-15,occasional,1,0,0,0,0,0
member_01466,2026-08-13,frequent,1,1,0,0,0,0
member_01467,2026-08-25,occasional,0,1,1,0,0,0
member_01468,2026-08-27,frequent,0,1,0,0,0,0
member_01469,2026-08-03,occasional,1,0,0,0,0,0
member_01470,2026-08-15,frequent,1,1,1,1,1,0
member_01471,2026-08-05,occasional,1,0,0,0,0,0
member_01472,2026-08-20,frequent,1,1,1,1,1,0
member_01473,2026-08-25,occasional,0,0,0,0,0,0
member_01474,2026-08-02,frequent,1,1,1,1,1,0
member_01475,2026-08-28,occasional,0,1,1,0,0,0
member_01476,2026-08-18,frequent,1,1,1,1,1,0
member_01477,2026-08-09,occasional,1,1,1,0,0,0
member_01478,2026-08-25,frequent,0,0,0,0,0,0
member_01479,2026-08-09,occasional,1,1,1,0,0,0
member_01480,2026-08-08,frequent,1,1,1,1,1,0
member_01481,2026-08-18,occasional,1,1,1,1,0,1
member_01482,2026-08-28,frequent,0,0,0,0,0,0
member_01483,2026-08-03,occasional,1,0,0,0,1,0
member_01484,2026-08-16,frequent,1,1,1,1,1,0
member_01485,2026-08-26,occasional,0,1,1,0,0,1
member_01486,2026-08-23,frequent,0,1,1,0,0,0
member_01487,2026-08-03,occasional,1,0,0,0,0,0
member_01488,2026-08-09,frequent,1,1,1,1,0,1
member_01489,2026-08-07,occasional,1,0,0,0,0,0
member_01490,2026-08-26,frequent,0,1,1,1,0,0
member_01491,2026-08-24,occasional,0,0,0,0,1,0
member_01492,2026-08-16,frequent,1,1,1,1,1,1
member_01493,2026-08-01,occasional,1,0,0,0,0,0
member_01494,2026-08-12,frequent,1,0,0,0,1,0
member_01495,2026-08-02,occasional,1,0,0,0,1,0
member_01496,2026-08-01,frequent,1,0,0,0,0,0
member_01497,2026-08-08,occasional,1,0,0,0,0,0
member_01498,2026-08-19,frequent,1,1,1,1,1,0
member_01499,2026-08-07,occasional,1,1,1,1,0,0
member_01500,2026-08-24,frequent,0,1,1,1,0,0
member_01501,2026-08-21,occasional,1,0,0,0,1,0
member_01502,2026-08-12,frequent,1,1,1,1,1,0
member_01503,2026-08-04,occasional,1,0,0,0,0,0
member_01504,2026-08-01,frequent,1,0,0,0,1,0
member_01505,2026-08-05,occasional,1,1,1,1,0,0
member_01506,2026-08-10,frequent,1,1,0,0,1,0
member_01507,2026-08-18,occasional,1,0,0,0,0,0
member_01508,2026-08-19,frequent,1,1,1,0,1,0
member_01509,2026-08-08,occasional,1,1,1,1,0,0
member_01510,2026-08-02,frequent,1,1,1,0,1,0
member_01511,2026-08-21,occasional,1,1,1,1,0,0
member_01512,2026-08-03,frequent,1,1,1,1,1,0
member_01513,2026-08-05,occasional,1,0,0,0,1,0
member_01514,2026-08-16,frequent,1,1,1,1,1,0
member_01515,2026-08-07,occasional,1,0,0,0,0,0
member_01516,2026-08-15,frequent,1,1,0,0,0,0
member_01517,2026-08-15,occasional,1,0,0,0,0,0
member_01518,2026-08-10,frequent,1,1,1,1,0,0
member_01519,2026-08-14,occasional,1,1,0,0,1,0
member_01520,2026-08-20,frequent,1,1,1,1,1,0
member_01521,2026-08-13,occasional,1,0,0,0,0,0
member_01522,2026-08-11,frequent,1,1,0,0,0,0
member_01523,2026-08-07,occasional,1,0,0,0,0,0
member_01524,2026-08-19,frequent,1,1,1,1,1,0
member_01525,2026-08-05,occasional,1,0,0,0,1,0
member_01526,2026-08-05,frequent,1,1,1,0,1,0
member_01527,2026-08-20,occasional,1,1,0,0,0,0
member_01528,2026-08-16,frequent,1,1,1,0,1,0
member_01529,2026-08-17,occasional,1,0,0,0,1,0
member_01530,2026-08-04,frequent,1,1,1,0,1,0
member_01531,2026-08-02,occasional,1,0,0,0,0,0
member_01532,2026-08-01,frequent,1,1,1,1,1,0
member_01533,2026-08-17,occasional,1,0,0,0,0,0
member_01534,2026-08-16,frequent,1,1,1,1,1,0
member_01535,2026-08-25,occasional,0,0,0,0,0,0
member_01536,2026-08-16,frequent,1,1,0,0,1,0
member_01537,2026-08-22,occasional,0,0,0,0,0,0
member_01538,2026-08-19,frequent,1,1,0,0,1,0
member_01539,2026-08-25,occasional,0,1,1,0,0,0
member_01540,2026-08-26,frequent,0,0,0,0,0,0
member_01541,2026-08-19,occasional,1,1,1,1,1,0
member_01542,2026-08-24,frequent,0,0,0,0,1,0
member_01543,2026-08-14,occasional,1,0,0,0,0,0
member_01544,2026-08-12,frequent,1,1,1,1,1,0
member_01545,2026-08-14,occasional,1,0,0,0,0,0
member_01546,2026-08-26,frequent,0,1,1,1,0,0
member_01547,2026-08-10,occasional,1,1,0,0,1,0
member_01548,2026-08-21,frequent,1,1,1,0,1,1
member_01549,2026-08-20,occasional,1,1,1,0,0,0
member_01550,2026-08-27,frequent,0,1,0,0,0,0
member_01551,2026-08-22,occasional,0,1,1,1,1,0
member_01552,2026-08-07,frequent,1,1,0,0,1,0
member_01553,2026-08-11,occasional,1,1,1,1,0,0
member_01554,2026-08-06,frequent,1,1,1,1,1,0
member_01555,2026-08-20,occasional,1,0,0,0,0,0
member_01556,2026-08-03,frequent,1,1,1,1,1,0
member_01557,2026-08-28,occasional,0,0,0,0,0,0
member_01558,2026-08-09,frequent,1,0,0,0,0,0
member_01559,2026-08-25,occasional,0,0,0,0,0,0
member_01560,2026-08-19,frequent,1,1,0,0,0,0
member_01561,2026-08-04,occasional,1,0,0,0,1,0
member_01562,2026-08-07,frequent,1,1,1,1,1,0
member_01563,2026-08-20,occasional,1,0,0,0,1,0
member_01564,2026-08-12,frequent,1,1,1,0,1,0
member_01565,2026-08-16,occasional,1,0,0,0,0,0
member_01566,2026-08-19,frequent,1,1,1,0,0,0
member_01567,2026-08-26,occasional,0,0,0,0,0,0
member_01568,2026-08-24,frequent,0,1,1,1,0,0
member_01569,2026-08-06,occasional,1,0,0,0,1,0
member_01570,2026-08-06,frequent,1,1,1,0,1,1
member_01571,2026-08-01,occasional,1,1,1,1,0,0
member_01572,2026-08-16,frequent,1,1,1,1,1,0
member_01573,2026-08-22,occasional,0,1,1,1,0,0
member_01574,2026-08-10,frequent,1,1,0,0,0,0
member_01575,2026-08-24,occasional,0,0,0,0,0,0
member_01576,2026-08-15,frequent,1,1,0,0,1,0
member_01577,2026-08-08,occasional,1,1,1,0,0,0
member_01578,2026-08-04,frequent,1,1,1,0,1,0
member_01579,2026-08-24,occasional,0,0,0,0,0,0
member_01580,2026-08-14,frequent,1,1,1,1,1,0
member_01581,2026-08-09,occasional,1,1,1,0,0,0
member_01582,2026-08-23,frequent,0,1,1,0,1,0
member_01583,2026-08-19,occasional,1,0,0,0,0,0
member_01584,2026-08-01,frequent,1,1,1,0,0,0
member_01585,2026-08-17,occasional,1,0,0,0,0,0
member_01586,2026-08-24,frequent,0,1,0,0,1,0
member_01587,2026-08-12,occasional,1,0,0,0,0,0
member_01588,2026-08-06,frequent,1,1,1,1,1,0
member_01589,2026-08-26,occasional,0,0,0,0,0,0
member_01590,2026-08-19,frequent,1,1,0,0,1,0
member_01591,2026-08-28,occasional,0,0,0,0,0,0
member_01592,2026-08-09,frequent,1,0,0,0,1,0
member_01593,2026-08-08,occasional,1,0,0,0,0,0
member_01594,2026-08-26,frequent,0,0,0,0,0,0
member_01595,2026-08-19,occasional,1,1,0,0,0,0
member_01596,2026-08-17,frequent,1,1,1,0,1,0
member_01597,2026-08-07,occasional,1,0,0,0,0,0
member_01598,2026-08-26,frequent,0,1,0,0,0,0
member_01599,2026-08-17,occasional,1,1,0,0,1,0
