advertiser_id,segment,cohort,started_at,mature,complete,valid,eligible,exclusion,plan_completed,campaign_launched,as_of,synthetic
baseline_emerging_000,emerging,baseline,2026-08-01T00:00:00Z,1,1,1,1,eligible,1,1,2026-10-07T00:00:00Z,True
baseline_emerging_001,emerging,baseline,2026-08-07T00:00:00Z,1,1,1,1,eligible,1,1,2026-10-07T00:00:00Z,True
baseline_emerging_002,emerging,baseline,2026-08-01T00:00:00Z,1,1,1,1,eligible,1,1,2026-10-07T00:00:00Z,True
baseline_emerging_003,emerging,baseline,2026-08-04T00:00:00Z,1,1,1,1,eligible,1,1,2026-10-07T00:00:00Z,True
baseline_emerging_004,emerging,baseline,2026-08-02T00:00:00Z,1,1,1,1,eligible,1,1,2026-10-07T00:00:00Z,True
baseline_emerging_005,emerging,baseline,2026-08-10T00:00:00Z,1,1,1,1,eligible,1,1,2026-10-07T00:00:00Z,True
baseline_emerging_006,emerging,baseline,2026-08-04T00:00:00Z,1,1,1,1,eligible,1,1,2026-10-07T00:00:00Z,True
baseline_emerging_007,emerging,baseline,2026-08-01T00:00:00Z,1,1,1,1,eligible,1,1,2026-10-07T00:00:00Z,True
baseline_emerging_008,emerging,baseline,2026-08-01T00:00:00Z,1,1,1,1,eligible,1,1,2026-10-07T00:00:00Z,True
baseline_emerging_009,emerging,baseline,2026-08-03T00:00:00Z,1,1,1,1,eligible,1,1,2026-10-07T00:00:00Z,True
baseline_emerging_010,emerging,baseline,2026-08-10T00:00:00Z,1,1,1,1,eligible,1,1,2026-10-07T00:00:00Z,True
baseline_emerging_011,emerging,baseline,2026-08-01T00:00:00Z,1,1,1,1,eligible,1,1,2026-10-07T00:00:00Z,True
baseline_emerging_012,emerging,baseline,2026-08-09T00:00:00Z,1,1,1,1,eligible,1,1,2026-10-07T00:00:00Z,True
baseline_emerging_013,emerging,baseline,2026-08-01T00:00:00Z,1,1,1,1,eligible,1,1,2026-10-07T00:00:00Z,True
baseline_emerging_014,emerging,baseline,2026-08-06T00:00:00Z,1,1,1,1,eligible,1,1,2026-10-07T00:00:00Z,True
baseline_emerging_015,emerging,baseline,2026-08-04T00:00:00Z,1,1,1,1,eligible,1,1,2026-10-07T00:00:00Z,True
baseline_emerging_016,emerging,baseline,2026-08-02T00:00:00Z,1,1,1,1,eligible,1,1,2026-10-07T00:00:00Z,True
baseline_emerging_017,emerging,baseline,2026-08-08T00:00:00Z,1,1,1,1,eligible,1,1,2026-10-07T00:00:00Z,True
baseline_emerging_018,emerging,baseline,2026-08-04T00:00:00Z,1,1,1,1,eligible,1,1,2026-10-07T00:00:00Z,True
baseline_emerging_019,emerging,baseline,2026-08-06T00:00:00Z,1,1,1,1,eligible,1,1,2026-10-07T00:00:00Z,True
baseline_emerging_020,emerging,baseline,2026-08-04T00:00:00Z,1,1,1,1,eligible,1,1,2026-10-07T00:00:00Z,True
baseline_emerging_021,emerging,baseline,2026-08-04T00:00:00Z,1,1,1,1,eligible,1,1,2026-10-07T00:00:00Z,True
baseline_emerging_022,emerging,baseline,2026-08-06T00:00:00Z,1,1,1,1,eligible,1,1,2026-10-07T00:00:00Z,True
baseline_emerging_023,emerging,baseline,2026-08-03T00:00:00Z,1,1,1,1,eligible,1,1,2026-10-07T00:00:00Z,True
baseline_emerging_024,emerging,baseline,2026-08-09T00:00:00Z,1,1,1,1,eligible,1,1,2026-10-07T00:00:00Z,True
baseline_emerging_025,emerging,baseline,2026-08-10T00:00:00Z,1,1,1,1,eligible,1,1,2026-10-07T00:00:00Z,True
baseline_emerging_026,emerging,baseline,2026-08-08T00:00:00Z,1,1,1,1,eligible,1,1,2026-10-07T00:00:00Z,True
baseline_emerging_027,emerging,baseline,2026-08-03T00:00:00Z,1,1,1,1,eligible,1,1,2026-10-07T00:00:00Z,True
baseline_emerging_028,emerging,baseline,2026-08-10T00:00:00Z,1,1,1,1,eligible,1,1,2026-10-07T00:00:00Z,True
baseline_emerging_029,emerging,baseline,2026-08-02T00:00:00Z,1,1,1,1,eligible,1,1,2026-10-07T00:00:00Z,True
baseline_emerging_030,emerging,baseline,2026-08-08T00:00:00Z,1,1,1,1,eligible,1,0,2026-10-07T00:00:00Z,True
baseline_emerging_031,emerging,baseline,2026-08-01T00:00:00Z,1,1,1,1,eligible,1,0,2026-10-07T00:00:00Z,True
baseline_emerging_032,emerging,baseline,2026-08-07T00:00:00Z,1,1,1,1,eligible,1,0,2026-10-07T00:00:00Z,True
baseline_emerging_033,emerging,baseline,2026-08-05T00:00:00Z,1,1,1,1,eligible,1,0,2026-10-07T00:00:00Z,True
baseline_emerging_034,emerging,baseline,2026-08-03T00:00:00Z,1,1,1,1,eligible,1,0,2026-10-07T00:00:00Z,True
baseline_emerging_035,emerging,baseline,2026-08-02T00:00:00Z,1,1,1,1,eligible,1,0,2026-10-07T00:00:00Z,True
baseline_emerging_036,emerging,baseline,2026-08-01T00:00:00Z,1,1,1,1,eligible,1,0,2026-10-07T00:00:00Z,True
baseline_emerging_037,emerging,baseline,2026-08-10T00:00:00Z,1,1,1,1,eligible,1,0,2026-10-07T00:00:00Z,True
baseline_emerging_038,emerging,baseline,2026-08-08T00:00:00Z,1,1,1,1,eligible,1,0,2026-10-07T00:00:00Z,True
baseline_emerging_039,emerging,baseline,2026-08-05T00:00:00Z,1,1,1,1,eligible,1,0,2026-10-07T00:00:00Z,True
baseline_emerging_040,emerging,baseline,2026-08-05T00:00:00Z,1,1,1,1,eligible,1,0,2026-10-07T00:00:00Z,True
baseline_emerging_041,emerging,baseline,2026-08-05T00:00:00Z,1,1,1,1,eligible,1,0,2026-10-07T00:00:00Z,True
baseline_emerging_042,emerging,baseline,2026-08-07T00:00:00Z,1,1,1,1,eligible,1,0,2026-10-07T00:00:00Z,True
baseline_emerging_043,emerging,baseline,2026-08-06T00:00:00Z,1,1,1,1,eligible,1,0,2026-10-07T00:00:00Z,True
baseline_emerging_044,emerging,baseline,2026-08-10T00:00:00Z,1,1,1,1,eligible,1,0,2026-10-07T00:00:00Z,True
baseline_emerging_045,emerging,baseline,2026-08-01T00:00:00Z,1,1,1,1,eligible,1,0,2026-10-07T00:00:00Z,True
baseline_emerging_046,emerging,baseline,2026-08-05T00:00:00Z,1,1,1,1,eligible,1,0,2026-10-07T00:00:00Z,True
baseline_emerging_047,emerging,baseline,2026-08-04T00:00:00Z,1,1,1,1,eligible,1,0,2026-10-07T00:00:00Z,True
baseline_emerging_048,emerging,baseline,2026-08-03T00:00:00Z,1,1,1,1,eligible,1,0,2026-10-07T00:00:00Z,True
baseline_emerging_049,emerging,baseline,2026-08-02T00:00:00Z,1,1,1,1,eligible,1,0,2026-10-07T00:00:00Z,True
baseline_emerging_050,emerging,baseline,2026-08-04T00:00:00Z,1,1,1,1,eligible,0,0,2026-10-07T00:00:00Z,True
baseline_emerging_051,emerging,baseline,2026-08-10T00:00:00Z,1,1,1,1,eligible,0,0,2026-10-07T00:00:00Z,True
baseline_emerging_052,emerging,baseline,2026-08-04T00:00:00Z,1,1,1,1,eligible,0,0,2026-10-07T00:00:00Z,True
baseline_emerging_053,emerging,baseline,2026-08-03T00:00:00Z,1,1,1,1,eligible,0,0,2026-10-07T00:00:00Z,True
baseline_emerging_054,emerging,baseline,2026-08-05T00:00:00Z,1,1,1,1,eligible,0,0,2026-10-07T00:00:00Z,True
baseline_emerging_055,emerging,baseline,2026-08-02T00:00:00Z,1,1,1,1,eligible,0,0,2026-10-07T00:00:00Z,True
baseline_emerging_056,emerging,baseline,2026-08-02T00:00:00Z,1,1,1,1,eligible,0,0,2026-10-07T00:00:00Z,True
baseline_emerging_057,emerging,baseline,2026-08-09T00:00:00Z,1,1,1,1,eligible,0,0,2026-10-07T00:00:00Z,True
baseline_emerging_058,emerging,baseline,2026-08-09T00:00:00Z,1,1,1,1,eligible,0,0,2026-10-07T00:00:00Z,True
baseline_emerging_059,emerging,baseline,2026-08-06T00:00:00Z,1,1,1,1,eligible,0,0,2026-10-07T00:00:00Z,True
baseline_emerging_060,emerging,baseline,2026-08-06T00:00:00Z,1,1,1,1,eligible,0,0,2026-10-07T00:00:00Z,True
baseline_emerging_061,emerging,baseline,2026-08-06T00:00:00Z,1,1,1,1,eligible,0,0,2026-10-07T00:00:00Z,True
baseline_emerging_062,emerging,baseline,2026-08-06T00:00:00Z,1,1,1,1,eligible,0,0,2026-10-07T00:00:00Z,True
baseline_emerging_063,emerging,baseline,2026-08-08T00:00:00Z,1,1,1,1,eligible,0,0,2026-10-07T00:00:00Z,True
baseline_emerging_064,emerging,baseline,2026-08-10T00:00:00Z,1,1,1,1,eligible,0,0,2026-10-07T00:00:00Z,True
baseline_emerging_065,emerging,baseline,2026-08-08T00:00:00Z,1,1,1,1,eligible,0,0,2026-10-07T00:00:00Z,True
baseline_emerging_066,emerging,baseline,2026-08-06T00:00:00Z,1,1,1,1,eligible,0,0,2026-10-07T00:00:00Z,True
baseline_emerging_067,emerging,baseline,2026-08-10T00:00:00Z,1,1,1,1,eligible,0,0,2026-10-07T00:00:00Z,True
baseline_emerging_068,emerging,baseline,2026-08-06T00:00:00Z,1,1,1,1,eligible,0,0,2026-10-07T00:00:00Z,True
baseline_emerging_069,emerging,baseline,2026-08-06T00:00:00Z,1,1,1,1,eligible,0,0,2026-10-07T00:00:00Z,True
baseline_emerging_070,emerging,baseline,2026-08-07T00:00:00Z,1,1,1,1,eligible,0,0,2026-10-07T00:00:00Z,True
baseline_emerging_071,emerging,baseline,2026-08-02T00:00:00Z,1,1,1,1,eligible,0,0,2026-10-07T00:00:00Z,True
baseline_emerging_072,emerging,baseline,2026-08-05T00:00:00Z,1,1,1,1,eligible,0,0,2026-10-07T00:00:00Z,True
baseline_emerging_073,emerging,baseline,2026-08-01T00:00:00Z,1,1,1,1,eligible,0,0,2026-10-07T00:00:00Z,True
baseline_emerging_074,emerging,baseline,2026-08-01T00:00:00Z,1,1,1,1,eligible,0,0,2026-10-07T00:00:00Z,True
baseline_emerging_075,emerging,baseline,2026-08-04T00:00:00Z,1,1,1,1,eligible,0,0,2026-10-07T00:00:00Z,True
baseline_emerging_076,emerging,baseline,2026-08-03T00:00:00Z,1,1,1,1,eligible,0,0,2026-10-07T00:00:00Z,True
baseline_emerging_077,emerging,baseline,2026-08-08T00:00:00Z,1,1,1,1,eligible,0,0,2026-10-07T00:00:00Z,True
baseline_emerging_078,emerging,baseline,2026-08-07T00:00:00Z,1,1,1,1,eligible,0,0,2026-10-07T00:00:00Z,True
baseline_emerging_079,emerging,baseline,2026-08-04T00:00:00Z,1,1,1,1,eligible,0,0,2026-10-07T00:00:00Z,True
baseline_emerging_080,emerging,baseline,2026-08-09T00:00:00Z,1,1,1,1,eligible,0,0,2026-10-07T00:00:00Z,True
baseline_emerging_081,emerging,baseline,2026-08-06T00:00:00Z,1,1,1,1,eligible,0,0,2026-10-07T00:00:00Z,True
baseline_emerging_082,emerging,baseline,2026-08-07T00:00:00Z,1,1,1,1,eligible,0,0,2026-10-07T00:00:00Z,True
baseline_emerging_083,emerging,baseline,2026-08-01T00:00:00Z,1,1,1,1,eligible,0,0,2026-10-07T00:00:00Z,True
baseline_emerging_084,emerging,baseline,2026-08-07T00:00:00Z,1,1,1,1,eligible,0,0,2026-10-07T00:00:00Z,True
baseline_emerging_085,emerging,baseline,2026-08-10T00:00:00Z,1,1,1,1,eligible,0,0,2026-10-07T00:00:00Z,True
baseline_emerging_086,emerging,baseline,2026-08-07T00:00:00Z,1,1,1,1,eligible,0,0,2026-10-07T00:00:00Z,True
baseline_emerging_087,emerging,baseline,2026-08-04T00:00:00Z,1,1,1,1,eligible,0,0,2026-10-07T00:00:00Z,True
baseline_emerging_088,emerging,baseline,2026-08-03T00:00:00Z,1,1,1,1,eligible,0,0,2026-10-07T00:00:00Z,True
baseline_emerging_089,emerging,baseline,2026-08-01T00:00:00Z,1,1,1,1,eligible,0,0,2026-10-07T00:00:00Z,True
baseline_emerging_090,emerging,baseline,2026-08-01T00:00:00Z,1,1,1,1,eligible,0,0,2026-10-07T00:00:00Z,True
baseline_emerging_091,emerging,baseline,2026-08-03T00:00:00Z,1,1,1,1,eligible,0,0,2026-10-07T00:00:00Z,True
baseline_emerging_092,emerging,baseline,2026-08-08T00:00:00Z,1,1,1,1,eligible,0,0,2026-10-07T00:00:00Z,True
baseline_emerging_093,emerging,baseline,2026-08-06T00:00:00Z,1,1,1,1,eligible,0,0,2026-10-07T00:00:00Z,True
baseline_emerging_094,emerging,baseline,2026-08-03T00:00:00Z,1,1,1,1,eligible,0,0,2026-10-07T00:00:00Z,True
baseline_emerging_095,emerging,baseline,2026-08-05T00:00:00Z,1,1,1,1,eligible,0,0,2026-10-07T00:00:00Z,True
baseline_emerging_096,emerging,baseline,2026-08-09T00:00:00Z,1,1,1,1,eligible,0,0,2026-10-07T00:00:00Z,True
baseline_emerging_097,emerging,baseline,2026-08-01T00:00:00Z,1,1,1,1,eligible,0,0,2026-10-07T00:00:00Z,True
baseline_emerging_098,emerging,baseline,2026-08-04T00:00:00Z,1,1,1,1,eligible,0,0,2026-10-07T00:00:00Z,True
baseline_emerging_099,emerging,baseline,2026-08-10T00:00:00Z,1,1,1,1,eligible,0,0,2026-10-07T00:00:00Z,True
baseline_established_000,established,baseline,2026-08-10T00:00:00Z,1,1,1,1,eligible,1,1,2026-10-07T00:00:00Z,True
baseline_established_001,established,baseline,2026-08-03T00:00:00Z,1,1,1,1,eligible,1,1,2026-10-07T00:00:00Z,True
baseline_established_002,established,baseline,2026-08-01T00:00:00Z,1,1,1,1,eligible,1,1,2026-10-07T00:00:00Z,True
baseline_established_003,established,baseline,2026-08-02T00:00:00Z,1,1,1,1,eligible,1,1,2026-10-07T00:00:00Z,True
baseline_established_004,established,baseline,2026-08-07T00:00:00Z,1,1,1,1,eligible,1,1,2026-10-07T00:00:00Z,True
baseline_established_005,established,baseline,2026-08-07T00:00:00Z,1,1,1,1,eligible,1,1,2026-10-07T00:00:00Z,True
baseline_established_006,established,baseline,2026-08-03T00:00:00Z,1,1,1,1,eligible,1,1,2026-10-07T00:00:00Z,True
baseline_established_007,established,baseline,2026-08-06T00:00:00Z,1,1,1,1,eligible,1,1,2026-10-07T00:00:00Z,True
baseline_established_008,established,baseline,2026-08-01T00:00:00Z,1,1,1,1,eligible,1,1,2026-10-07T00:00:00Z,True
baseline_established_009,established,baseline,2026-08-03T00:00:00Z,1,1,1,1,eligible,1,1,2026-10-07T00:00:00Z,True
baseline_established_010,established,baseline,2026-08-01T00:00:00Z,1,1,1,1,eligible,1,1,2026-10-07T00:00:00Z,True
baseline_established_011,established,baseline,2026-08-05T00:00:00Z,1,1,1,1,eligible,1,1,2026-10-07T00:00:00Z,True
baseline_established_012,established,baseline,2026-08-04T00:00:00Z,1,1,1,1,eligible,1,1,2026-10-07T00:00:00Z,True
baseline_established_013,established,baseline,2026-08-02T00:00:00Z,1,1,1,1,eligible,1,1,2026-10-07T00:00:00Z,True
baseline_established_014,established,baseline,2026-08-05T00:00:00Z,1,1,1,1,eligible,1,1,2026-10-07T00:00:00Z,True
baseline_established_015,established,baseline,2026-08-08T00:00:00Z,1,1,1,1,eligible,1,1,2026-10-07T00:00:00Z,True
baseline_established_016,established,baseline,2026-08-06T00:00:00Z,1,1,1,1,eligible,1,1,2026-10-07T00:00:00Z,True
baseline_established_017,established,baseline,2026-08-02T00:00:00Z,1,1,1,1,eligible,1,1,2026-10-07T00:00:00Z,True
baseline_established_018,established,baseline,2026-08-10T00:00:00Z,1,1,1,1,eligible,1,1,2026-10-07T00:00:00Z,True
baseline_established_019,established,baseline,2026-08-02T00:00:00Z,1,1,1,1,eligible,1,1,2026-10-07T00:00:00Z,True
baseline_established_020,established,baseline,2026-08-01T00:00:00Z,1,1,1,1,eligible,1,1,2026-10-07T00:00:00Z,True
baseline_established_021,established,baseline,2026-08-06T00:00:00Z,1,1,1,1,eligible,1,1,2026-10-07T00:00:00Z,True
baseline_established_022,established,baseline,2026-08-08T00:00:00Z,1,1,1,1,eligible,1,1,2026-10-07T00:00:00Z,True
baseline_established_023,established,baseline,2026-08-02T00:00:00Z,1,1,1,1,eligible,1,1,2026-10-07T00:00:00Z,True
baseline_established_024,established,baseline,2026-08-08T00:00:00Z,1,1,1,1,eligible,1,1,2026-10-07T00:00:00Z,True
baseline_established_025,established,baseline,2026-08-07T00:00:00Z,1,1,1,1,eligible,1,1,2026-10-07T00:00:00Z,True
baseline_established_026,established,baseline,2026-08-03T00:00:00Z,1,1,1,1,eligible,1,1,2026-10-07T00:00:00Z,True
baseline_established_027,established,baseline,2026-08-08T00:00:00Z,1,1,1,1,eligible,1,1,2026-10-07T00:00:00Z,True
baseline_established_028,established,baseline,2026-08-02T00:00:00Z,1,1,1,1,eligible,1,1,2026-10-07T00:00:00Z,True
baseline_established_029,established,baseline,2026-08-07T00:00:00Z,1,1,1,1,eligible,1,1,2026-10-07T00:00:00Z,True
baseline_established_030,established,baseline,2026-08-09T00:00:00Z,1,1,1,1,eligible,1,1,2026-10-07T00:00:00Z,True
baseline_established_031,established,baseline,2026-08-03T00:00:00Z,1,1,1,1,eligible,1,1,2026-10-07T00:00:00Z,True
baseline_established_032,established,baseline,2026-08-09T00:00:00Z,1,1,1,1,eligible,1,1,2026-10-07T00:00:00Z,True
baseline_established_033,established,baseline,2026-08-02T00:00:00Z,1,1,1,1,eligible,1,1,2026-10-07T00:00:00Z,True
baseline_established_034,established,baseline,2026-08-03T00:00:00Z,1,1,1,1,eligible,1,1,2026-10-07T00:00:00Z,True
baseline_established_035,established,baseline,2026-08-09T00:00:00Z,1,1,1,1,eligible,1,1,2026-10-07T00:00:00Z,True
baseline_established_036,established,baseline,2026-08-03T00:00:00Z,1,1,1,1,eligible,1,1,2026-10-07T00:00:00Z,True
baseline_established_037,established,baseline,2026-08-06T00:00:00Z,1,1,1,1,eligible,1,1,2026-10-07T00:00:00Z,True
baseline_established_038,established,baseline,2026-08-08T00:00:00Z,1,1,1,1,eligible,1,1,2026-10-07T00:00:00Z,True
baseline_established_039,established,baseline,2026-08-07T00:00:00Z,1,1,1,1,eligible,1,1,2026-10-07T00:00:00Z,True
baseline_established_040,established,baseline,2026-08-01T00:00:00Z,1,1,1,1,eligible,1,1,2026-10-07T00:00:00Z,True
baseline_established_041,established,baseline,2026-08-06T00:00:00Z,1,1,1,1,eligible,1,1,2026-10-07T00:00:00Z,True
baseline_established_042,established,baseline,2026-08-01T00:00:00Z,1,1,1,1,eligible,1,1,2026-10-07T00:00:00Z,True
baseline_established_043,established,baseline,2026-08-06T00:00:00Z,1,1,1,1,eligible,1,1,2026-10-07T00:00:00Z,True
baseline_established_044,established,baseline,2026-08-05T00:00:00Z,1,1,1,1,eligible,1,1,2026-10-07T00:00:00Z,True
baseline_established_045,established,baseline,2026-08-06T00:00:00Z,1,1,1,1,eligible,1,1,2026-10-07T00:00:00Z,True
baseline_established_046,established,baseline,2026-08-10T00:00:00Z,1,1,1,1,eligible,1,1,2026-10-07T00:00:00Z,True
baseline_established_047,established,baseline,2026-08-06T00:00:00Z,1,1,1,1,eligible,1,1,2026-10-07T00:00:00Z,True
baseline_established_048,established,baseline,2026-08-08T00:00:00Z,1,1,1,1,eligible,1,1,2026-10-07T00:00:00Z,True
baseline_established_049,established,baseline,2026-08-03T00:00:00Z,1,1,1,1,eligible,1,1,2026-10-07T00:00:00Z,True
baseline_established_050,established,baseline,2026-08-04T00:00:00Z,1,1,1,1,eligible,1,1,2026-10-07T00:00:00Z,True
baseline_established_051,established,baseline,2026-08-09T00:00:00Z,1,1,1,1,eligible,1,1,2026-10-07T00:00:00Z,True
baseline_established_052,established,baseline,2026-08-04T00:00:00Z,1,1,1,1,eligible,1,1,2026-10-07T00:00:00Z,True
baseline_established_053,established,baseline,2026-08-10T00:00:00Z,1,1,1,1,eligible,1,1,2026-10-07T00:00:00Z,True
baseline_established_054,established,baseline,2026-08-05T00:00:00Z,1,1,1,1,eligible,1,1,2026-10-07T00:00:00Z,True
baseline_established_055,established,baseline,2026-08-02T00:00:00Z,1,1,1,1,eligible,1,1,2026-10-07T00:00:00Z,True
baseline_established_056,established,baseline,2026-08-08T00:00:00Z,1,1,1,1,eligible,1,1,2026-10-07T00:00:00Z,True
baseline_established_057,established,baseline,2026-08-01T00:00:00Z,1,1,1,1,eligible,1,1,2026-10-07T00:00:00Z,True
baseline_established_058,established,baseline,2026-08-03T00:00:00Z,1,1,1,1,eligible,1,1,2026-10-07T00:00:00Z,True
baseline_established_059,established,baseline,2026-08-09T00:00:00Z,1,1,1,1,eligible,1,1,2026-10-07T00:00:00Z,True
baseline_established_060,established,baseline,2026-08-07T00:00:00Z,1,1,1,1,eligible,1,1,2026-10-07T00:00:00Z,True
baseline_established_061,established,baseline,2026-08-07T00:00:00Z,1,1,1,1,eligible,1,1,2026-10-07T00:00:00Z,True
baseline_established_062,established,baseline,2026-08-02T00:00:00Z,1,1,1,1,eligible,1,1,2026-10-07T00:00:00Z,True
baseline_established_063,established,baseline,2026-08-01T00:00:00Z,1,1,1,1,eligible,1,1,2026-10-07T00:00:00Z,True
baseline_established_064,established,baseline,2026-08-07T00:00:00Z,1,1,1,1,eligible,1,1,2026-10-07T00:00:00Z,True
baseline_established_065,established,baseline,2026-08-07T00:00:00Z,1,1,1,1,eligible,1,1,2026-10-07T00:00:00Z,True
baseline_established_066,established,baseline,2026-08-09T00:00:00Z,1,1,1,1,eligible,1,1,2026-10-07T00:00:00Z,True
baseline_established_067,established,baseline,2026-08-07T00:00:00Z,1,1,1,1,eligible,1,1,2026-10-07T00:00:00Z,True
baseline_established_068,established,baseline,2026-08-07T00:00:00Z,1,1,1,1,eligible,1,1,2026-10-07T00:00:00Z,True
baseline_established_069,established,baseline,2026-08-03T00:00:00Z,1,1,1,1,eligible,1,1,2026-10-07T00:00:00Z,True
baseline_established_070,established,baseline,2026-08-04T00:00:00Z,1,1,1,1,eligible,1,0,2026-10-07T00:00:00Z,True
baseline_established_071,established,baseline,2026-08-02T00:00:00Z,1,1,1,1,eligible,1,0,2026-10-07T00:00:00Z,True
baseline_established_072,established,baseline,2026-08-06T00:00:00Z,1,1,1,1,eligible,1,0,2026-10-07T00:00:00Z,True
baseline_established_073,established,baseline,2026-08-10T00:00:00Z,1,1,1,1,eligible,1,0,2026-10-07T00:00:00Z,True
baseline_established_074,established,baseline,2026-08-10T00:00:00Z,1,1,1,1,eligible,1,0,2026-10-07T00:00:00Z,True
baseline_established_075,established,baseline,2026-08-03T00:00:00Z,1,1,1,1,eligible,1,0,2026-10-07T00:00:00Z,True
baseline_established_076,established,baseline,2026-08-07T00:00:00Z,1,1,1,1,eligible,1,0,2026-10-07T00:00:00Z,True
baseline_established_077,established,baseline,2026-08-02T00:00:00Z,1,1,1,1,eligible,1,0,2026-10-07T00:00:00Z,True
baseline_established_078,established,baseline,2026-08-01T00:00:00Z,1,1,1,1,eligible,1,0,2026-10-07T00:00:00Z,True
baseline_established_079,established,baseline,2026-08-02T00:00:00Z,1,1,1,1,eligible,1,0,2026-10-07T00:00:00Z,True
baseline_established_080,established,baseline,2026-08-02T00:00:00Z,1,1,1,1,eligible,1,0,2026-10-07T00:00:00Z,True
baseline_established_081,established,baseline,2026-08-08T00:00:00Z,1,1,1,1,eligible,1,0,2026-10-07T00:00:00Z,True
baseline_established_082,established,baseline,2026-08-07T00:00:00Z,1,1,1,1,eligible,1,0,2026-10-07T00:00:00Z,True
baseline_established_083,established,baseline,2026-08-08T00:00:00Z,1,1,1,1,eligible,1,0,2026-10-07T00:00:00Z,True
baseline_established_084,established,baseline,2026-08-08T00:00:00Z,1,1,1,1,eligible,1,0,2026-10-07T00:00:00Z,True
baseline_established_085,established,baseline,2026-08-06T00:00:00Z,1,1,1,1,eligible,1,0,2026-10-07T00:00:00Z,True
baseline_established_086,established,baseline,2026-08-09T00:00:00Z,1,1,1,1,eligible,1,0,2026-10-07T00:00:00Z,True
baseline_established_087,established,baseline,2026-08-02T00:00:00Z,1,1,1,1,eligible,1,0,2026-10-07T00:00:00Z,True
baseline_established_088,established,baseline,2026-08-02T00:00:00Z,1,1,1,1,eligible,1,0,2026-10-07T00:00:00Z,True
baseline_established_089,established,baseline,2026-08-10T00:00:00Z,1,1,1,1,eligible,1,0,2026-10-07T00:00:00Z,True
baseline_established_090,established,baseline,2026-08-05T00:00:00Z,1,1,1,1,eligible,0,0,2026-10-07T00:00:00Z,True
baseline_established_091,established,baseline,2026-08-06T00:00:00Z,1,1,1,1,eligible,0,0,2026-10-07T00:00:00Z,True
baseline_established_092,established,baseline,2026-08-04T00:00:00Z,1,1,1,1,eligible,0,0,2026-10-07T00:00:00Z,True
baseline_established_093,established,baseline,2026-08-08T00:00:00Z,1,1,1,1,eligible,0,0,2026-10-07T00:00:00Z,True
baseline_established_094,established,baseline,2026-08-05T00:00:00Z,1,1,1,1,eligible,0,0,2026-10-07T00:00:00Z,True
baseline_established_095,established,baseline,2026-08-10T00:00:00Z,1,1,1,1,eligible,0,0,2026-10-07T00:00:00Z,True
baseline_established_096,established,baseline,2026-08-10T00:00:00Z,1,1,1,1,eligible,0,0,2026-10-07T00:00:00Z,True
baseline_established_097,established,baseline,2026-08-01T00:00:00Z,1,1,1,1,eligible,0,0,2026-10-07T00:00:00Z,True
baseline_established_098,established,baseline,2026-08-01T00:00:00Z,1,1,1,1,eligible,0,0,2026-10-07T00:00:00Z,True
baseline_established_099,established,baseline,2026-08-10T00:00:00Z,1,1,1,1,eligible,0,0,2026-10-07T00:00:00Z,True
baseline_growth_000,growth,baseline,2026-08-02T00:00:00Z,1,1,1,1,eligible,1,1,2026-10-07T00:00:00Z,True
baseline_growth_001,growth,baseline,2026-08-08T00:00:00Z,1,1,1,1,eligible,1,1,2026-10-07T00:00:00Z,True
baseline_growth_002,growth,baseline,2026-08-04T00:00:00Z,1,1,1,1,eligible,1,1,2026-10-07T00:00:00Z,True
baseline_growth_003,growth,baseline,2026-08-08T00:00:00Z,1,1,1,1,eligible,1,1,2026-10-07T00:00:00Z,True
baseline_growth_004,growth,baseline,2026-08-06T00:00:00Z,1,1,1,1,eligible,1,1,2026-10-07T00:00:00Z,True
baseline_growth_005,growth,baseline,2026-08-05T00:00:00Z,1,1,1,1,eligible,1,1,2026-10-07T00:00:00Z,True
baseline_growth_006,growth,baseline,2026-08-04T00:00:00Z,1,1,1,1,eligible,1,1,2026-10-07T00:00:00Z,True
baseline_growth_007,growth,baseline,2026-08-06T00:00:00Z,1,1,1,1,eligible,1,1,2026-10-07T00:00:00Z,True
baseline_growth_008,growth,baseline,2026-08-06T00:00:00Z,1,1,1,1,eligible,1,1,2026-10-07T00:00:00Z,True
baseline_growth_009,growth,baseline,2026-08-04T00:00:00Z,1,1,1,1,eligible,1,1,2026-10-07T00:00:00Z,True
baseline_growth_010,growth,baseline,2026-08-02T00:00:00Z,1,1,1,1,eligible,1,1,2026-10-07T00:00:00Z,True
baseline_growth_011,growth,baseline,2026-08-05T00:00:00Z,1,1,1,1,eligible,1,1,2026-10-07T00:00:00Z,True
baseline_growth_012,growth,baseline,2026-08-02T00:00:00Z,1,1,1,1,eligible,1,1,2026-10-07T00:00:00Z,True
baseline_growth_013,growth,baseline,2026-08-01T00:00:00Z,1,1,1,1,eligible,1,1,2026-10-07T00:00:00Z,True
baseline_growth_014,growth,baseline,2026-08-05T00:00:00Z,1,1,1,1,eligible,1,1,2026-10-07T00:00:00Z,True
baseline_growth_015,growth,baseline,2026-08-05T00:00:00Z,1,1,1,1,eligible,1,1,2026-10-07T00:00:00Z,True
baseline_growth_016,growth,baseline,2026-08-01T00:00:00Z,1,1,1,1,eligible,1,1,2026-10-07T00:00:00Z,True
baseline_growth_017,growth,baseline,2026-08-04T00:00:00Z,1,1,1,1,eligible,1,1,2026-10-07T00:00:00Z,True
baseline_growth_018,growth,baseline,2026-08-02T00:00:00Z,1,1,1,1,eligible,1,1,2026-10-07T00:00:00Z,True
baseline_growth_019,growth,baseline,2026-08-05T00:00:00Z,1,1,1,1,eligible,1,1,2026-10-07T00:00:00Z,True
baseline_growth_020,growth,baseline,2026-08-01T00:00:00Z,1,1,1,1,eligible,1,1,2026-10-07T00:00:00Z,True
baseline_growth_021,growth,baseline,2026-08-01T00:00:00Z,1,1,1,1,eligible,1,1,2026-10-07T00:00:00Z,True
baseline_growth_022,growth,baseline,2026-08-06T00:00:00Z,1,1,1,1,eligible,1,1,2026-10-07T00:00:00Z,True
baseline_growth_023,growth,baseline,2026-08-01T00:00:00Z,1,1,1,1,eligible,1,1,2026-10-07T00:00:00Z,True
baseline_growth_024,growth,baseline,2026-08-04T00:00:00Z,1,1,1,1,eligible,1,1,2026-10-07T00:00:00Z,True
baseline_growth_025,growth,baseline,2026-08-10T00:00:00Z,1,1,1,1,eligible,1,1,2026-10-07T00:00:00Z,True
baseline_growth_026,growth,baseline,2026-08-06T00:00:00Z,1,1,1,1,eligible,1,1,2026-10-07T00:00:00Z,True
baseline_growth_027,growth,baseline,2026-08-10T00:00:00Z,1,1,1,1,eligible,1,1,2026-10-07T00:00:00Z,True
baseline_growth_028,growth,baseline,2026-08-02T00:00:00Z,1,1,1,1,eligible,1,1,2026-10-07T00:00:00Z,True
baseline_growth_029,growth,baseline,2026-08-07T00:00:00Z,1,1,1,1,eligible,1,1,2026-10-07T00:00:00Z,True
baseline_growth_030,growth,baseline,2026-08-04T00:00:00Z,1,1,1,1,eligible,1,1,2026-10-07T00:00:00Z,True
baseline_growth_031,growth,baseline,2026-08-01T00:00:00Z,1,1,1,1,eligible,1,1,2026-10-07T00:00:00Z,True
baseline_growth_032,growth,baseline,2026-08-09T00:00:00Z,1,1,1,1,eligible,1,1,2026-10-07T00:00:00Z,True
baseline_growth_033,growth,baseline,2026-08-10T00:00:00Z,1,1,1,1,eligible,1,1,2026-10-07T00:00:00Z,True
baseline_growth_034,growth,baseline,2026-08-10T00:00:00Z,1,1,1,1,eligible,1,1,2026-10-07T00:00:00Z,True
baseline_growth_035,growth,baseline,2026-08-01T00:00:00Z,1,1,1,1,eligible,1,1,2026-10-07T00:00:00Z,True
baseline_growth_036,growth,baseline,2026-08-02T00:00:00Z,1,1,1,1,eligible,1,1,2026-10-07T00:00:00Z,True
baseline_growth_037,growth,baseline,2026-08-09T00:00:00Z,1,1,1,1,eligible,1,1,2026-10-07T00:00:00Z,True
baseline_growth_038,growth,baseline,2026-08-04T00:00:00Z,1,1,1,1,eligible,1,1,2026-10-07T00:00:00Z,True
baseline_growth_039,growth,baseline,2026-08-09T00:00:00Z,1,1,1,1,eligible,1,1,2026-10-07T00:00:00Z,True
baseline_growth_040,growth,baseline,2026-08-03T00:00:00Z,1,1,1,1,eligible,1,1,2026-10-07T00:00:00Z,True
baseline_growth_041,growth,baseline,2026-08-05T00:00:00Z,1,1,1,1,eligible,1,1,2026-10-07T00:00:00Z,True
baseline_growth_042,growth,baseline,2026-08-06T00:00:00Z,1,1,1,1,eligible,1,1,2026-10-07T00:00:00Z,True
baseline_growth_043,growth,baseline,2026-08-05T00:00:00Z,1,1,1,1,eligible,1,1,2026-10-07T00:00:00Z,True
baseline_growth_044,growth,baseline,2026-08-06T00:00:00Z,1,1,1,1,eligible,1,1,2026-10-07T00:00:00Z,True
baseline_growth_045,growth,baseline,2026-08-02T00:00:00Z,1,1,1,1,eligible,1,1,2026-10-07T00:00:00Z,True
baseline_growth_046,growth,baseline,2026-08-08T00:00:00Z,1,1,1,1,eligible,1,1,2026-10-07T00:00:00Z,True
baseline_growth_047,growth,baseline,2026-08-06T00:00:00Z,1,1,1,1,eligible,1,1,2026-10-07T00:00:00Z,True
baseline_growth_048,growth,baseline,2026-08-08T00:00:00Z,1,1,1,1,eligible,1,1,2026-10-07T00:00:00Z,True
baseline_growth_049,growth,baseline,2026-08-09T00:00:00Z,1,1,1,1,eligible,1,1,2026-10-07T00:00:00Z,True
baseline_growth_050,growth,baseline,2026-08-02T00:00:00Z,1,1,1,1,eligible,1,0,2026-10-07T00:00:00Z,True
baseline_growth_051,growth,baseline,2026-08-07T00:00:00Z,1,1,1,1,eligible,1,0,2026-10-07T00:00:00Z,True
baseline_growth_052,growth,baseline,2026-08-06T00:00:00Z,1,1,1,1,eligible,1,0,2026-10-07T00:00:00Z,True
baseline_growth_053,growth,baseline,2026-08-04T00:00:00Z,1,1,1,1,eligible,1,0,2026-10-07T00:00:00Z,True
baseline_growth_054,growth,baseline,2026-08-10T00:00:00Z,1,1,1,1,eligible,1,0,2026-10-07T00:00:00Z,True
baseline_growth_055,growth,baseline,2026-08-05T00:00:00Z,1,1,1,1,eligible,1,0,2026-10-07T00:00:00Z,True
baseline_growth_056,growth,baseline,2026-08-01T00:00:00Z,1,1,1,1,eligible,1,0,2026-10-07T00:00:00Z,True
baseline_growth_057,growth,baseline,2026-08-10T00:00:00Z,1,1,1,1,eligible,1,0,2026-10-07T00:00:00Z,True
baseline_growth_058,growth,baseline,2026-08-04T00:00:00Z,1,1,1,1,eligible,1,0,2026-10-07T00:00:00Z,True
baseline_growth_059,growth,baseline,2026-08-10T00:00:00Z,1,1,1,1,eligible,1,0,2026-10-07T00:00:00Z,True
baseline_growth_060,growth,baseline,2026-08-08T00:00:00Z,1,1,1,1,eligible,1,0,2026-10-07T00:00:00Z,True
baseline_growth_061,growth,baseline,2026-08-01T00:00:00Z,1,1,1,1,eligible,1,0,2026-10-07T00:00:00Z,True
baseline_growth_062,growth,baseline,2026-08-05T00:00:00Z,1,1,1,1,eligible,1,0,2026-10-07T00:00:00Z,True
baseline_growth_063,growth,baseline,2026-08-01T00:00:00Z,1,1,1,1,eligible,1,0,2026-10-07T00:00:00Z,True
baseline_growth_064,growth,baseline,2026-08-07T00:00:00Z,1,1,1,1,eligible,1,0,2026-10-07T00:00:00Z,True
baseline_growth_065,growth,baseline,2026-08-05T00:00:00Z,1,1,1,1,eligible,1,0,2026-10-07T00:00:00Z,True
baseline_growth_066,growth,baseline,2026-08-09T00:00:00Z,1,1,1,1,eligible,1,0,2026-10-07T00:00:00Z,True
baseline_growth_067,growth,baseline,2026-08-06T00:00:00Z,1,1,1,1,eligible,1,0,2026-10-07T00:00:00Z,True
baseline_growth_068,growth,baseline,2026-08-08T00:00:00Z,1,1,1,1,eligible,1,0,2026-10-07T00:00:00Z,True
baseline_growth_069,growth,baseline,2026-08-09T00:00:00Z,1,1,1,1,eligible,1,0,2026-10-07T00:00:00Z,True
baseline_growth_070,growth,baseline,2026-08-10T00:00:00Z,1,1,1,1,eligible,0,0,2026-10-07T00:00:00Z,True
baseline_growth_071,growth,baseline,2026-08-08T00:00:00Z,1,1,1,1,eligible,0,0,2026-10-07T00:00:00Z,True
baseline_growth_072,growth,baseline,2026-08-09T00:00:00Z,1,1,1,1,eligible,0,0,2026-10-07T00:00:00Z,True
baseline_growth_073,growth,baseline,2026-08-08T00:00:00Z,1,1,1,1,eligible,0,0,2026-10-07T00:00:00Z,True
baseline_growth_074,growth,baseline,2026-08-09T00:00:00Z,1,1,1,1,eligible,0,0,2026-10-07T00:00:00Z,True
baseline_growth_075,growth,baseline,2026-08-07T00:00:00Z,1,1,1,1,eligible,0,0,2026-10-07T00:00:00Z,True
baseline_growth_076,growth,baseline,2026-08-02T00:00:00Z,1,1,1,1,eligible,0,0,2026-10-07T00:00:00Z,True
baseline_growth_077,growth,baseline,2026-08-05T00:00:00Z,1,1,1,1,eligible,0,0,2026-10-07T00:00:00Z,True
baseline_growth_078,growth,baseline,2026-08-05T00:00:00Z,1,1,1,1,eligible,0,0,2026-10-07T00:00:00Z,True
baseline_growth_079,growth,baseline,2026-08-06T00:00:00Z,1,1,1,1,eligible,0,0,2026-10-07T00:00:00Z,True
baseline_growth_080,growth,baseline,2026-08-09T00:00:00Z,1,1,1,1,eligible,0,0,2026-10-07T00:00:00Z,True
baseline_growth_081,growth,baseline,2026-08-10T00:00:00Z,1,1,1,1,eligible,0,0,2026-10-07T00:00:00Z,True
baseline_growth_082,growth,baseline,2026-08-06T00:00:00Z,1,1,1,1,eligible,0,0,2026-10-07T00:00:00Z,True
baseline_growth_083,growth,baseline,2026-08-06T00:00:00Z,1,1,1,1,eligible,0,0,2026-10-07T00:00:00Z,True
baseline_growth_084,growth,baseline,2026-08-08T00:00:00Z,1,1,1,1,eligible,0,0,2026-10-07T00:00:00Z,True
baseline_growth_085,growth,baseline,2026-08-02T00:00:00Z,1,1,1,1,eligible,0,0,2026-10-07T00:00:00Z,True
baseline_growth_086,growth,baseline,2026-08-10T00:00:00Z,1,1,1,1,eligible,0,0,2026-10-07T00:00:00Z,True
baseline_growth_087,growth,baseline,2026-08-09T00:00:00Z,1,1,1,1,eligible,0,0,2026-10-07T00:00:00Z,True
baseline_growth_088,growth,baseline,2026-08-09T00:00:00Z,1,1,1,1,eligible,0,0,2026-10-07T00:00:00Z,True
baseline_growth_089,growth,baseline,2026-08-08T00:00:00Z,1,1,1,1,eligible,0,0,2026-10-07T00:00:00Z,True
baseline_growth_090,growth,baseline,2026-08-09T00:00:00Z,1,1,1,1,eligible,0,0,2026-10-07T00:00:00Z,True
baseline_growth_091,growth,baseline,2026-08-08T00:00:00Z,1,1,1,1,eligible,0,0,2026-10-07T00:00:00Z,True
baseline_growth_092,growth,baseline,2026-08-07T00:00:00Z,1,1,1,1,eligible,0,0,2026-10-07T00:00:00Z,True
baseline_growth_093,growth,baseline,2026-08-10T00:00:00Z,1,1,1,1,eligible,0,0,2026-10-07T00:00:00Z,True
baseline_growth_094,growth,baseline,2026-08-07T00:00:00Z,1,1,1,1,eligible,0,0,2026-10-07T00:00:00Z,True
baseline_growth_095,growth,baseline,2026-08-05T00:00:00Z,1,1,1,1,eligible,0,0,2026-10-07T00:00:00Z,True
baseline_growth_096,growth,baseline,2026-08-10T00:00:00Z,1,1,1,1,eligible,0,0,2026-10-07T00:00:00Z,True
baseline_growth_097,growth,baseline,2026-08-06T00:00:00Z,1,1,1,1,eligible,0,0,2026-10-07T00:00:00Z,True
baseline_growth_098,growth,baseline,2026-08-08T00:00:00Z,1,1,1,1,eligible,0,0,2026-10-07T00:00:00Z,True
baseline_growth_099,growth,baseline,2026-08-01T00:00:00Z,1,1,1,1,eligible,0,0,2026-10-07T00:00:00Z,True
current_emerging_000,emerging,current,2026-09-02T00:00:00Z,1,0,1,0,incomplete,1,1,2026-10-07T00:00:00Z,True
current_emerging_001,emerging,current,2026-09-04T00:00:00Z,1,0,1,0,incomplete,1,1,2026-10-07T00:00:00Z,True
current_emerging_002,emerging,current,2026-09-06T00:00:00Z,1,0,1,0,incomplete,1,1,2026-10-07T00:00:00Z,True
current_emerging_003,emerging,current,2026-09-04T00:00:00Z,1,0,1,0,incomplete,1,1,2026-10-07T00:00:00Z,True
current_emerging_004,emerging,current,2026-09-02T00:00:00Z,1,1,1,1,eligible,1,1,2026-10-07T00:00:00Z,True
current_emerging_005,emerging,current,2026-09-02T00:00:00Z,1,1,1,1,eligible,1,1,2026-10-07T00:00:00Z,True
current_emerging_006,emerging,current,2026-09-09T00:00:00Z,1,1,1,1,eligible,1,1,2026-10-07T00:00:00Z,True
current_emerging_007,emerging,current,2026-09-09T00:00:00Z,1,1,1,1,eligible,1,1,2026-10-07T00:00:00Z,True
current_emerging_008,emerging,current,2026-09-04T00:00:00Z,1,1,1,1,eligible,1,1,2026-10-07T00:00:00Z,True
current_emerging_009,emerging,current,2026-09-04T00:00:00Z,1,1,1,1,eligible,1,1,2026-10-07T00:00:00Z,True
current_emerging_010,emerging,current,2026-09-02T00:00:00Z,1,0,1,0,incomplete,1,1,2026-10-07T00:00:00Z,True
current_emerging_011,emerging,current,2026-09-09T00:00:00Z,1,0,1,0,incomplete,1,1,2026-10-07T00:00:00Z,True
current_emerging_012,emerging,current,2026-09-04T00:00:00Z,1,0,1,0,incomplete,1,1,2026-10-07T00:00:00Z,True
current_emerging_013,emerging,current,2026-09-09T00:00:00Z,1,0,1,0,incomplete,1,1,2026-10-07T00:00:00Z,True
current_emerging_014,emerging,current,2026-09-06T00:00:00Z,1,1,1,1,eligible,1,1,2026-10-07T00:00:00Z,True
current_emerging_015,emerging,current,2026-09-06T00:00:00Z,1,1,1,1,eligible,1,1,2026-10-07T00:00:00Z,True
current_emerging_016,emerging,current,2026-09-08T00:00:00Z,1,1,1,1,eligible,1,1,2026-10-07T00:00:00Z,True
current_emerging_017,emerging,current,2026-09-05T00:00:00Z,1,1,1,1,eligible,1,1,2026-10-07T00:00:00Z,True
current_emerging_018,emerging,current,2026-09-10T00:00:00Z,1,1,1,1,eligible,1,1,2026-10-07T00:00:00Z,True
current_emerging_019,emerging,current,2026-09-07T00:00:00Z,1,1,1,1,eligible,1,1,2026-10-07T00:00:00Z,True
current_emerging_020,emerging,current,2026-09-09T00:00:00Z,1,0,1,0,incomplete,1,1,2026-10-07T00:00:00Z,True
current_emerging_021,emerging,current,2026-09-02T00:00:00Z,1,0,1,0,incomplete,1,1,2026-10-07T00:00:00Z,True
current_emerging_022,emerging,current,2026-09-02T00:00:00Z,1,0,1,0,incomplete,1,1,2026-10-07T00:00:00Z,True
current_emerging_023,emerging,current,2026-09-09T00:00:00Z,1,0,1,0,incomplete,1,1,2026-10-07T00:00:00Z,True
current_emerging_024,emerging,current,2026-09-02T00:00:00Z,1,1,1,1,eligible,1,1,2026-10-07T00:00:00Z,True
current_emerging_025,emerging,current,2026-09-04T00:00:00Z,1,1,1,1,eligible,1,1,2026-10-07T00:00:00Z,True
current_emerging_026,emerging,current,2026-09-02T00:00:00Z,1,1,1,1,eligible,1,1,2026-10-07T00:00:00Z,True
current_emerging_027,emerging,current,2026-09-08T00:00:00Z,1,1,1,1,eligible,1,1,2026-10-07T00:00:00Z,True
current_emerging_028,emerging,current,2026-09-07T00:00:00Z,1,1,1,1,eligible,1,1,2026-10-07T00:00:00Z,True
current_emerging_029,emerging,current,2026-09-02T00:00:00Z,1,1,1,1,eligible,1,1,2026-10-07T00:00:00Z,True
current_emerging_030,emerging,current,2026-09-03T00:00:00Z,1,0,1,0,incomplete,1,0,2026-10-07T00:00:00Z,True
current_emerging_031,emerging,current,2026-09-04T00:00:00Z,1,0,1,0,incomplete,1,0,2026-10-07T00:00:00Z,True
current_emerging_032,emerging,current,2026-09-02T00:00:00Z,1,0,1,0,incomplete,1,0,2026-10-07T00:00:00Z,True
current_emerging_033,emerging,current,2026-09-04T00:00:00Z,1,0,1,0,incomplete,1,0,2026-10-07T00:00:00Z,True
current_emerging_034,emerging,current,2026-09-04T00:00:00Z,1,1,1,1,eligible,1,0,2026-10-07T00:00:00Z,True
current_emerging_035,emerging,current,2026-09-02T00:00:00Z,1,1,1,1,eligible,1,0,2026-10-07T00:00:00Z,True
current_emerging_036,emerging,current,2026-09-08T00:00:00Z,1,1,1,1,eligible,1,0,2026-10-07T00:00:00Z,True
current_emerging_037,emerging,current,2026-09-09T00:00:00Z,1,1,1,1,eligible,1,0,2026-10-07T00:00:00Z,True
current_emerging_038,emerging,current,2026-09-08T00:00:00Z,1,1,1,1,eligible,1,0,2026-10-07T00:00:00Z,True
current_emerging_039,emerging,current,2026-09-08T00:00:00Z,1,1,1,1,eligible,1,0,2026-10-07T00:00:00Z,True
current_emerging_040,emerging,current,2026-09-05T00:00:00Z,1,0,1,0,incomplete,1,0,2026-10-07T00:00:00Z,True
current_emerging_041,emerging,current,2026-09-01T00:00:00Z,1,0,1,0,incomplete,1,0,2026-10-07T00:00:00Z,True
current_emerging_042,emerging,current,2026-09-08T00:00:00Z,1,0,1,0,incomplete,1,0,2026-10-07T00:00:00Z,True
current_emerging_043,emerging,current,2026-09-08T00:00:00Z,1,0,1,0,incomplete,1,0,2026-10-07T00:00:00Z,True
current_emerging_044,emerging,current,2026-09-08T00:00:00Z,1,1,1,1,eligible,1,0,2026-10-07T00:00:00Z,True
current_emerging_045,emerging,current,2026-09-06T00:00:00Z,1,1,1,1,eligible,1,0,2026-10-07T00:00:00Z,True
current_emerging_046,emerging,current,2026-09-10T00:00:00Z,1,1,1,1,eligible,1,0,2026-10-07T00:00:00Z,True
current_emerging_047,emerging,current,2026-09-04T00:00:00Z,1,1,1,1,eligible,1,0,2026-10-07T00:00:00Z,True
current_emerging_048,emerging,current,2026-09-01T00:00:00Z,1,1,1,1,eligible,1,0,2026-10-07T00:00:00Z,True
current_emerging_049,emerging,current,2026-09-02T00:00:00Z,1,1,1,1,eligible,1,0,2026-10-07T00:00:00Z,True
current_emerging_050,emerging,current,2026-09-02T00:00:00Z,1,0,1,0,incomplete,0,0,2026-10-07T00:00:00Z,True
current_emerging_051,emerging,current,2026-09-10T00:00:00Z,1,0,1,0,incomplete,0,0,2026-10-07T00:00:00Z,True
current_emerging_052,emerging,current,2026-09-02T00:00:00Z,1,0,1,0,incomplete,0,0,2026-10-07T00:00:00Z,True
current_emerging_053,emerging,current,2026-09-10T00:00:00Z,1,0,1,0,incomplete,0,0,2026-10-07T00:00:00Z,True
current_emerging_054,emerging,current,2026-09-06T00:00:00Z,1,1,1,1,eligible,0,0,2026-10-07T00:00:00Z,True
current_emerging_055,emerging,current,2026-09-06T00:00:00Z,1,1,1,1,eligible,0,0,2026-10-07T00:00:00Z,True
current_emerging_056,emerging,current,2026-09-01T00:00:00Z,1,1,1,1,eligible,0,0,2026-10-07T00:00:00Z,True
current_emerging_057,emerging,current,2026-09-10T00:00:00Z,1,1,1,1,eligible,0,0,2026-10-07T00:00:00Z,True
current_emerging_058,emerging,current,2026-09-02T00:00:00Z,1,1,1,1,eligible,0,0,2026-10-07T00:00:00Z,True
current_emerging_059,emerging,current,2026-09-01T00:00:00Z,1,1,1,1,eligible,0,0,2026-10-07T00:00:00Z,True
current_emerging_060,emerging,current,2026-09-05T00:00:00Z,1,0,1,0,incomplete,0,0,2026-10-07T00:00:00Z,True
current_emerging_061,emerging,current,2026-09-09T00:00:00Z,1,0,1,0,incomplete,0,0,2026-10-07T00:00:00Z,True
current_emerging_062,emerging,current,2026-09-01T00:00:00Z,1,0,1,0,incomplete,0,0,2026-10-07T00:00:00Z,True
current_emerging_063,emerging,current,2026-09-09T00:00:00Z,1,0,1,0,incomplete,0,0,2026-10-07T00:00:00Z,True
current_emerging_064,emerging,current,2026-09-07T00:00:00Z,1,1,1,1,eligible,0,0,2026-10-07T00:00:00Z,True
current_emerging_065,emerging,current,2026-09-01T00:00:00Z,1,1,1,1,eligible,0,0,2026-10-07T00:00:00Z,True
current_emerging_066,emerging,current,2026-09-10T00:00:00Z,1,1,1,1,eligible,0,0,2026-10-07T00:00:00Z,True
current_emerging_067,emerging,current,2026-09-07T00:00:00Z,1,1,1,1,eligible,0,0,2026-10-07T00:00:00Z,True
current_emerging_068,emerging,current,2026-09-07T00:00:00Z,1,1,1,1,eligible,0,0,2026-10-07T00:00:00Z,True
current_emerging_069,emerging,current,2026-09-04T00:00:00Z,1,1,1,1,eligible,0,0,2026-10-07T00:00:00Z,True
current_emerging_070,emerging,current,2026-09-03T00:00:00Z,1,0,1,0,incomplete,0,0,2026-10-07T00:00:00Z,True
current_emerging_071,emerging,current,2026-09-01T00:00:00Z,1,0,1,0,incomplete,0,0,2026-10-07T00:00:00Z,True
current_emerging_072,emerging,current,2026-09-01T00:00:00Z,1,0,1,0,incomplete,0,0,2026-10-07T00:00:00Z,True
current_emerging_073,emerging,current,2026-09-05T00:00:00Z,1,0,1,0,incomplete,0,0,2026-10-07T00:00:00Z,True
current_emerging_074,emerging,current,2026-09-05T00:00:00Z,1,1,1,1,eligible,0,0,2026-10-07T00:00:00Z,True
current_emerging_075,emerging,current,2026-09-03T00:00:00Z,1,1,1,1,eligible,0,0,2026-10-07T00:00:00Z,True
current_emerging_076,emerging,current,2026-09-08T00:00:00Z,1,1,1,1,eligible,0,0,2026-10-07T00:00:00Z,True
current_emerging_077,emerging,current,2026-09-03T00:00:00Z,1,1,1,1,eligible,0,0,2026-10-07T00:00:00Z,True
current_emerging_078,emerging,current,2026-09-03T00:00:00Z,1,1,1,1,eligible,0,0,2026-10-07T00:00:00Z,True
current_emerging_079,emerging,current,2026-09-10T00:00:00Z,1,1,1,1,eligible,0,0,2026-10-07T00:00:00Z,True
current_emerging_080,emerging,current,2026-09-03T00:00:00Z,1,0,1,0,incomplete,0,0,2026-10-07T00:00:00Z,True
current_emerging_081,emerging,current,2026-09-08T00:00:00Z,1,0,1,0,incomplete,0,0,2026-10-07T00:00:00Z,True
current_emerging_082,emerging,current,2026-09-04T00:00:00Z,1,0,1,0,incomplete,0,0,2026-10-07T00:00:00Z,True
current_emerging_083,emerging,current,2026-09-06T00:00:00Z,1,0,1,0,incomplete,0,0,2026-10-07T00:00:00Z,True
current_emerging_084,emerging,current,2026-09-01T00:00:00Z,1,1,1,1,eligible,0,0,2026-10-07T00:00:00Z,True
current_emerging_085,emerging,current,2026-09-08T00:00:00Z,1,1,1,1,eligible,0,0,2026-10-07T00:00:00Z,True
current_emerging_086,emerging,current,2026-09-09T00:00:00Z,1,1,1,1,eligible,0,0,2026-10-07T00:00:00Z,True
current_emerging_087,emerging,current,2026-09-01T00:00:00Z,1,1,1,1,eligible,0,0,2026-10-07T00:00:00Z,True
current_emerging_088,emerging,current,2026-09-01T00:00:00Z,1,1,1,1,eligible,0,0,2026-10-07T00:00:00Z,True
current_emerging_089,emerging,current,2026-09-02T00:00:00Z,1,1,1,1,eligible,0,0,2026-10-07T00:00:00Z,True
current_emerging_090,emerging,current,2026-09-04T00:00:00Z,1,0,1,0,incomplete,0,0,2026-10-07T00:00:00Z,True
current_emerging_091,emerging,current,2026-09-01T00:00:00Z,1,0,1,0,incomplete,0,0,2026-10-07T00:00:00Z,True
current_emerging_092,emerging,current,2026-09-01T00:00:00Z,1,0,1,0,incomplete,0,0,2026-10-07T00:00:00Z,True
current_emerging_093,emerging,current,2026-09-03T00:00:00Z,1,0,1,0,incomplete,0,0,2026-10-07T00:00:00Z,True
current_emerging_094,emerging,current,2026-09-10T00:00:00Z,1,1,1,1,eligible,0,0,2026-10-07T00:00:00Z,True
current_emerging_095,emerging,current,2026-09-05T00:00:00Z,1,1,1,1,eligible,0,0,2026-10-07T00:00:00Z,True
current_emerging_096,emerging,current,2026-09-08T00:00:00Z,1,1,1,1,eligible,0,0,2026-10-07T00:00:00Z,True
current_emerging_097,emerging,current,2026-09-02T00:00:00Z,1,1,1,1,eligible,0,0,2026-10-07T00:00:00Z,True
current_emerging_098,emerging,current,2026-09-10T00:00:00Z,1,1,1,1,eligible,0,0,2026-10-07T00:00:00Z,True
current_emerging_099,emerging,current,2026-09-09T00:00:00Z,1,1,1,1,eligible,0,0,2026-10-07T00:00:00Z,True
current_established_000,established,current,2026-09-09T00:00:00Z,1,0,1,0,incomplete,1,1,2026-10-07T00:00:00Z,True
current_established_001,established,current,2026-09-02T00:00:00Z,1,0,1,0,incomplete,1,1,2026-10-07T00:00:00Z,True
current_established_002,established,current,2026-09-10T00:00:00Z,1,0,1,0,incomplete,1,1,2026-10-07T00:00:00Z,True
current_established_003,established,current,2026-09-09T00:00:00Z,1,0,1,0,incomplete,1,1,2026-10-07T00:00:00Z,True
current_established_004,established,current,2026-09-08T00:00:00Z,1,1,1,1,eligible,1,1,2026-10-07T00:00:00Z,True
current_established_005,established,current,2026-09-10T00:00:00Z,1,1,1,1,eligible,1,1,2026-10-07T00:00:00Z,True
current_established_006,established,current,2026-09-07T00:00:00Z,1,1,1,1,eligible,1,1,2026-10-07T00:00:00Z,True
current_established_007,established,current,2026-09-06T00:00:00Z,1,1,1,1,eligible,1,1,2026-10-07T00:00:00Z,True
current_established_008,established,current,2026-09-09T00:00:00Z,1,1,1,1,eligible,1,1,2026-10-07T00:00:00Z,True
current_established_009,established,current,2026-09-06T00:00:00Z,1,1,1,1,eligible,1,1,2026-10-07T00:00:00Z,True
current_established_010,established,current,2026-09-08T00:00:00Z,1,0,1,0,incomplete,1,1,2026-10-07T00:00:00Z,True
current_established_011,established,current,2026-09-08T00:00:00Z,1,0,1,0,incomplete,1,1,2026-10-07T00:00:00Z,True
current_established_012,established,current,2026-09-06T00:00:00Z,1,0,1,0,incomplete,1,1,2026-10-07T00:00:00Z,True
current_established_013,established,current,2026-09-01T00:00:00Z,1,0,1,0,incomplete,1,1,2026-10-07T00:00:00Z,True
current_established_014,established,current,2026-09-01T00:00:00Z,1,1,1,1,eligible,1,1,2026-10-07T00:00:00Z,True
current_established_015,established,current,2026-09-10T00:00:00Z,1,1,1,1,eligible,1,1,2026-10-07T00:00:00Z,True
current_established_016,established,current,2026-09-01T00:00:00Z,1,1,1,1,eligible,1,1,2026-10-07T00:00:00Z,True
current_established_017,established,current,2026-09-09T00:00:00Z,1,1,1,1,eligible,1,1,2026-10-07T00:00:00Z,True
current_established_018,established,current,2026-09-08T00:00:00Z,1,1,1,1,eligible,1,1,2026-10-07T00:00:00Z,True
current_established_019,established,current,2026-09-06T00:00:00Z,1,1,1,1,eligible,1,1,2026-10-07T00:00:00Z,True
current_established_020,established,current,2026-09-05T00:00:00Z,1,0,1,0,incomplete,1,1,2026-10-07T00:00:00Z,True
current_established_021,established,current,2026-09-07T00:00:00Z,1,0,1,0,incomplete,1,1,2026-10-07T00:00:00Z,True
current_established_022,established,current,2026-09-07T00:00:00Z,1,0,1,0,incomplete,1,1,2026-10-07T00:00:00Z,True
current_established_023,established,current,2026-09-02T00:00:00Z,1,0,1,0,incomplete,1,1,2026-10-07T00:00:00Z,True
current_established_024,established,current,2026-09-05T00:00:00Z,1,1,1,1,eligible,1,1,2026-10-07T00:00:00Z,True
current_established_025,established,current,2026-09-05T00:00:00Z,1,1,1,1,eligible,1,1,2026-10-07T00:00:00Z,True
current_established_026,established,current,2026-09-09T00:00:00Z,1,1,1,1,eligible,1,1,2026-10-07T00:00:00Z,True
current_established_027,established,current,2026-09-06T00:00:00Z,1,1,1,1,eligible,1,1,2026-10-07T00:00:00Z,True
current_established_028,established,current,2026-09-04T00:00:00Z,1,1,1,1,eligible,1,1,2026-10-07T00:00:00Z,True
current_established_029,established,current,2026-09-02T00:00:00Z,1,1,1,1,eligible,1,1,2026-10-07T00:00:00Z,True
current_established_030,established,current,2026-09-10T00:00:00Z,1,0,1,0,incomplete,1,1,2026-10-07T00:00:00Z,True
current_established_031,established,current,2026-09-05T00:00:00Z,1,0,1,0,incomplete,1,1,2026-10-07T00:00:00Z,True
current_established_032,established,current,2026-09-02T00:00:00Z,1,0,1,0,incomplete,1,1,2026-10-07T00:00:00Z,True
current_established_033,established,current,2026-09-05T00:00:00Z,1,0,1,0,incomplete,1,1,2026-10-07T00:00:00Z,True
current_established_034,established,current,2026-09-04T00:00:00Z,1,1,1,1,eligible,1,1,2026-10-07T00:00:00Z,True
current_established_035,established,current,2026-09-09T00:00:00Z,1,1,1,1,eligible,1,1,2026-10-07T00:00:00Z,True
current_established_036,established,current,2026-09-04T00:00:00Z,1,1,1,1,eligible,1,1,2026-10-07T00:00:00Z,True
current_established_037,established,current,2026-09-05T00:00:00Z,1,1,1,1,eligible,1,1,2026-10-07T00:00:00Z,True
current_established_038,established,current,2026-09-03T00:00:00Z,1,1,1,1,eligible,1,1,2026-10-07T00:00:00Z,True
current_established_039,established,current,2026-09-09T00:00:00Z,1,1,1,1,eligible,1,1,2026-10-07T00:00:00Z,True
current_established_040,established,current,2026-09-07T00:00:00Z,1,0,1,0,incomplete,1,1,2026-10-07T00:00:00Z,True
current_established_041,established,current,2026-09-06T00:00:00Z,1,0,1,0,incomplete,1,1,2026-10-07T00:00:00Z,True
current_established_042,established,current,2026-09-09T00:00:00Z,1,0,1,0,incomplete,1,1,2026-10-07T00:00:00Z,True
current_established_043,established,current,2026-09-07T00:00:00Z,1,0,1,0,incomplete,1,1,2026-10-07T00:00:00Z,True
current_established_044,established,current,2026-09-09T00:00:00Z,1,1,1,1,eligible,1,1,2026-10-07T00:00:00Z,True
current_established_045,established,current,2026-09-07T00:00:00Z,1,1,1,1,eligible,1,1,2026-10-07T00:00:00Z,True
current_established_046,established,current,2026-09-02T00:00:00Z,1,1,1,1,eligible,1,1,2026-10-07T00:00:00Z,True
current_established_047,established,current,2026-09-06T00:00:00Z,1,1,1,1,eligible,1,1,2026-10-07T00:00:00Z,True
current_established_048,established,current,2026-09-02T00:00:00Z,1,1,1,1,eligible,1,1,2026-10-07T00:00:00Z,True
current_established_049,established,current,2026-09-07T00:00:00Z,1,1,1,1,eligible,1,1,2026-10-07T00:00:00Z,True
current_established_050,established,current,2026-09-09T00:00:00Z,1,0,1,0,incomplete,1,1,2026-10-07T00:00:00Z,True
current_established_051,established,current,2026-09-09T00:00:00Z,1,0,1,0,incomplete,1,1,2026-10-07T00:00:00Z,True
current_established_052,established,current,2026-09-05T00:00:00Z,1,0,1,0,incomplete,1,1,2026-10-07T00:00:00Z,True
current_established_053,established,current,2026-09-02T00:00:00Z,1,0,1,0,incomplete,1,1,2026-10-07T00:00:00Z,True
current_established_054,established,current,2026-09-04T00:00:00Z,1,1,1,1,eligible,1,1,2026-10-07T00:00:00Z,True
current_established_055,established,current,2026-09-10T00:00:00Z,1,1,1,1,eligible,1,1,2026-10-07T00:00:00Z,True
current_established_056,established,current,2026-09-01T00:00:00Z,1,1,1,1,eligible,1,1,2026-10-07T00:00:00Z,True
current_established_057,established,current,2026-09-01T00:00:00Z,1,1,1,1,eligible,1,1,2026-10-07T00:00:00Z,True
current_established_058,established,current,2026-09-01T00:00:00Z,1,1,1,1,eligible,1,1,2026-10-07T00:00:00Z,True
current_established_059,established,current,2026-09-07T00:00:00Z,1,1,1,1,eligible,1,1,2026-10-07T00:00:00Z,True
current_established_060,established,current,2026-09-09T00:00:00Z,1,0,1,0,incomplete,1,1,2026-10-07T00:00:00Z,True
current_established_061,established,current,2026-09-04T00:00:00Z,1,0,1,0,incomplete,1,1,2026-10-07T00:00:00Z,True
current_established_062,established,current,2026-09-03T00:00:00Z,1,0,1,0,incomplete,1,1,2026-10-07T00:00:00Z,True
current_established_063,established,current,2026-09-06T00:00:00Z,1,0,1,0,incomplete,1,1,2026-10-07T00:00:00Z,True
current_established_064,established,current,2026-09-03T00:00:00Z,1,1,1,1,eligible,1,1,2026-10-07T00:00:00Z,True
current_established_065,established,current,2026-09-01T00:00:00Z,1,1,1,1,eligible,1,1,2026-10-07T00:00:00Z,True
current_established_066,established,current,2026-09-10T00:00:00Z,1,1,1,1,eligible,1,1,2026-10-07T00:00:00Z,True
current_established_067,established,current,2026-09-02T00:00:00Z,1,1,1,1,eligible,1,1,2026-10-07T00:00:00Z,True
current_established_068,established,current,2026-09-03T00:00:00Z,1,1,1,1,eligible,1,1,2026-10-07T00:00:00Z,True
current_established_069,established,current,2026-09-01T00:00:00Z,1,1,1,1,eligible,1,1,2026-10-07T00:00:00Z,True
current_established_070,established,current,2026-09-06T00:00:00Z,1,0,1,0,incomplete,1,0,2026-10-07T00:00:00Z,True
current_established_071,established,current,2026-09-05T00:00:00Z,1,0,1,0,incomplete,1,0,2026-10-07T00:00:00Z,True
current_established_072,established,current,2026-09-03T00:00:00Z,1,0,1,0,incomplete,1,0,2026-10-07T00:00:00Z,True
current_established_073,established,current,2026-09-08T00:00:00Z,1,0,1,0,incomplete,1,0,2026-10-07T00:00:00Z,True
current_established_074,established,current,2026-09-07T00:00:00Z,1,1,1,1,eligible,1,0,2026-10-07T00:00:00Z,True
current_established_075,established,current,2026-09-10T00:00:00Z,1,1,1,1,eligible,1,0,2026-10-07T00:00:00Z,True
current_established_076,established,current,2026-09-09T00:00:00Z,1,1,1,1,eligible,1,0,2026-10-07T00:00:00Z,True
current_established_077,established,current,2026-09-01T00:00:00Z,1,1,1,1,eligible,1,0,2026-10-07T00:00:00Z,True
current_established_078,established,current,2026-09-06T00:00:00Z,1,1,1,1,eligible,1,0,2026-10-07T00:00:00Z,True
current_established_079,established,current,2026-09-10T00:00:00Z,1,1,1,1,eligible,1,0,2026-10-07T00:00:00Z,True
current_established_080,established,current,2026-09-07T00:00:00Z,1,0,1,0,incomplete,1,0,2026-10-07T00:00:00Z,True
current_established_081,established,current,2026-09-08T00:00:00Z,1,0,1,0,incomplete,1,0,2026-10-07T00:00:00Z,True
current_established_082,established,current,2026-09-07T00:00:00Z,1,0,1,0,incomplete,1,0,2026-10-07T00:00:00Z,True
current_established_083,established,current,2026-09-01T00:00:00Z,1,0,1,0,incomplete,1,0,2026-10-07T00:00:00Z,True
current_established_084,established,current,2026-09-06T00:00:00Z,1,1,1,1,eligible,1,0,2026-10-07T00:00:00Z,True
current_established_085,established,current,2026-09-10T00:00:00Z,1,1,1,1,eligible,1,0,2026-10-07T00:00:00Z,True
current_established_086,established,current,2026-09-01T00:00:00Z,1,1,1,1,eligible,1,0,2026-10-07T00:00:00Z,True
current_established_087,established,current,2026-09-07T00:00:00Z,1,1,1,1,eligible,1,0,2026-10-07T00:00:00Z,True
current_established_088,established,current,2026-09-03T00:00:00Z,1,1,1,1,eligible,1,0,2026-10-07T00:00:00Z,True
current_established_089,established,current,2026-09-04T00:00:00Z,1,1,1,1,eligible,1,0,2026-10-07T00:00:00Z,True
current_established_090,established,current,2026-09-09T00:00:00Z,1,0,1,0,incomplete,0,0,2026-10-07T00:00:00Z,True
current_established_091,established,current,2026-09-05T00:00:00Z,1,0,1,0,incomplete,0,0,2026-10-07T00:00:00Z,True
current_established_092,established,current,2026-09-07T00:00:00Z,1,0,1,0,incomplete,0,0,2026-10-07T00:00:00Z,True
current_established_093,established,current,2026-09-08T00:00:00Z,1,0,1,0,incomplete,0,0,2026-10-07T00:00:00Z,True
current_established_094,established,current,2026-09-04T00:00:00Z,1,1,1,1,eligible,0,0,2026-10-07T00:00:00Z,True
current_established_095,established,current,2026-09-09T00:00:00Z,1,1,1,1,eligible,0,0,2026-10-07T00:00:00Z,True
current_established_096,established,current,2026-09-06T00:00:00Z,1,1,1,1,eligible,0,0,2026-10-07T00:00:00Z,True
current_established_097,established,current,2026-09-02T00:00:00Z,1,1,1,1,eligible,0,0,2026-10-07T00:00:00Z,True
current_established_098,established,current,2026-09-04T00:00:00Z,1,1,1,1,eligible,0,0,2026-10-07T00:00:00Z,True
current_established_099,established,current,2026-09-06T00:00:00Z,1,1,1,1,eligible,0,0,2026-10-07T00:00:00Z,True
current_growth_000,growth,current,2026-09-03T00:00:00Z,1,0,1,0,incomplete,1,1,2026-10-07T00:00:00Z,True
current_growth_001,growth,current,2026-09-03T00:00:00Z,1,0,1,0,incomplete,1,1,2026-10-07T00:00:00Z,True
current_growth_002,growth,current,2026-09-06T00:00:00Z,1,0,1,0,incomplete,1,1,2026-10-07T00:00:00Z,True
current_growth_003,growth,current,2026-09-09T00:00:00Z,1,0,1,0,incomplete,1,1,2026-10-07T00:00:00Z,True
current_growth_004,growth,current,2026-09-01T00:00:00Z,1,1,1,1,eligible,1,1,2026-10-07T00:00:00Z,True
current_growth_005,growth,current,2026-09-02T00:00:00Z,1,1,1,1,eligible,1,1,2026-10-07T00:00:00Z,True
current_growth_006,growth,current,2026-09-01T00:00:00Z,1,1,1,1,eligible,1,1,2026-10-07T00:00:00Z,True
current_growth_007,growth,current,2026-09-08T00:00:00Z,1,1,1,1,eligible,1,1,2026-10-07T00:00:00Z,True
current_growth_008,growth,current,2026-09-10T00:00:00Z,1,1,1,1,eligible,1,1,2026-10-07T00:00:00Z,True
current_growth_009,growth,current,2026-09-08T00:00:00Z,1,1,1,1,eligible,1,1,2026-10-07T00:00:00Z,True
current_growth_010,growth,current,2026-09-04T00:00:00Z,1,0,1,0,incomplete,1,1,2026-10-07T00:00:00Z,True
current_growth_011,growth,current,2026-09-06T00:00:00Z,1,0,1,0,incomplete,1,1,2026-10-07T00:00:00Z,True
current_growth_012,growth,current,2026-09-02T00:00:00Z,1,0,1,0,incomplete,1,1,2026-10-07T00:00:00Z,True
current_growth_013,growth,current,2026-09-09T00:00:00Z,1,0,1,0,incomplete,1,1,2026-10-07T00:00:00Z,True
current_growth_014,growth,current,2026-09-03T00:00:00Z,1,1,1,1,eligible,1,1,2026-10-07T00:00:00Z,True
current_growth_015,growth,current,2026-09-06T00:00:00Z,1,1,1,1,eligible,1,1,2026-10-07T00:00:00Z,True
current_growth_016,growth,current,2026-09-04T00:00:00Z,1,1,1,1,eligible,1,1,2026-10-07T00:00:00Z,True
current_growth_017,growth,current,2026-09-10T00:00:00Z,1,1,1,1,eligible,1,1,2026-10-07T00:00:00Z,True
current_growth_018,growth,current,2026-09-10T00:00:00Z,1,1,1,1,eligible,1,1,2026-10-07T00:00:00Z,True
current_growth_019,growth,current,2026-09-04T00:00:00Z,1,1,1,1,eligible,1,1,2026-10-07T00:00:00Z,True
current_growth_020,growth,current,2026-09-04T00:00:00Z,1,0,1,0,incomplete,1,1,2026-10-07T00:00:00Z,True
current_growth_021,growth,current,2026-09-10T00:00:00Z,1,0,1,0,incomplete,1,1,2026-10-07T00:00:00Z,True
current_growth_022,growth,current,2026-09-10T00:00:00Z,1,0,1,0,incomplete,1,1,2026-10-07T00:00:00Z,True
current_growth_023,growth,current,2026-09-09T00:00:00Z,1,0,1,0,incomplete,1,1,2026-10-07T00:00:00Z,True
current_growth_024,growth,current,2026-09-03T00:00:00Z,1,1,1,1,eligible,1,1,2026-10-07T00:00:00Z,True
current_growth_025,growth,current,2026-09-04T00:00:00Z,1,1,1,1,eligible,1,1,2026-10-07T00:00:00Z,True
current_growth_026,growth,current,2026-09-01T00:00:00Z,1,1,1,1,eligible,1,1,2026-10-07T00:00:00Z,True
current_growth_027,growth,current,2026-09-06T00:00:00Z,1,1,1,1,eligible,1,1,2026-10-07T00:00:00Z,True
current_growth_028,growth,current,2026-09-04T00:00:00Z,1,1,1,1,eligible,1,1,2026-10-07T00:00:00Z,True
current_growth_029,growth,current,2026-09-07T00:00:00Z,1,1,1,1,eligible,1,1,2026-10-07T00:00:00Z,True
current_growth_030,growth,current,2026-09-03T00:00:00Z,1,0,1,0,incomplete,1,1,2026-10-07T00:00:00Z,True
current_growth_031,growth,current,2026-09-05T00:00:00Z,1,0,1,0,incomplete,1,1,2026-10-07T00:00:00Z,True
current_growth_032,growth,current,2026-09-01T00:00:00Z,1,0,1,0,incomplete,1,1,2026-10-07T00:00:00Z,True
current_growth_033,growth,current,2026-09-01T00:00:00Z,1,0,1,0,incomplete,1,1,2026-10-07T00:00:00Z,True
current_growth_034,growth,current,2026-09-10T00:00:00Z,1,1,1,1,eligible,1,1,2026-10-07T00:00:00Z,True
current_growth_035,growth,current,2026-09-03T00:00:00Z,1,1,1,1,eligible,1,1,2026-10-07T00:00:00Z,True
current_growth_036,growth,current,2026-09-08T00:00:00Z,1,1,1,1,eligible,1,1,2026-10-07T00:00:00Z,True
current_growth_037,growth,current,2026-09-09T00:00:00Z,1,1,1,1,eligible,1,1,2026-10-07T00:00:00Z,True
current_growth_038,growth,current,2026-09-09T00:00:00Z,1,1,1,1,eligible,1,1,2026-10-07T00:00:00Z,True
current_growth_039,growth,current,2026-09-04T00:00:00Z,1,1,1,1,eligible,1,1,2026-10-07T00:00:00Z,True
current_growth_040,growth,current,2026-09-08T00:00:00Z,1,0,1,0,incomplete,1,1,2026-10-07T00:00:00Z,True
current_growth_041,growth,current,2026-09-03T00:00:00Z,1,0,1,0,incomplete,1,1,2026-10-07T00:00:00Z,True
current_growth_042,growth,current,2026-09-01T00:00:00Z,1,0,1,0,incomplete,1,1,2026-10-07T00:00:00Z,True
current_growth_043,growth,current,2026-09-10T00:00:00Z,1,0,1,0,incomplete,1,1,2026-10-07T00:00:00Z,True
current_growth_044,growth,current,2026-09-04T00:00:00Z,1,1,1,1,eligible,1,1,2026-10-07T00:00:00Z,True
current_growth_045,growth,current,2026-09-10T00:00:00Z,1,1,1,1,eligible,1,1,2026-10-07T00:00:00Z,True
current_growth_046,growth,current,2026-09-06T00:00:00Z,1,1,1,1,eligible,1,1,2026-10-07T00:00:00Z,True
current_growth_047,growth,current,2026-09-07T00:00:00Z,1,1,1,1,eligible,1,1,2026-10-07T00:00:00Z,True
current_growth_048,growth,current,2026-09-01T00:00:00Z,1,1,1,1,eligible,1,1,2026-10-07T00:00:00Z,True
current_growth_049,growth,current,2026-09-05T00:00:00Z,1,1,1,1,eligible,1,1,2026-10-07T00:00:00Z,True
current_growth_050,growth,current,2026-09-04T00:00:00Z,1,0,1,0,incomplete,1,0,2026-10-07T00:00:00Z,True
current_growth_051,growth,current,2026-09-09T00:00:00Z,1,0,1,0,incomplete,1,0,2026-10-07T00:00:00Z,True
current_growth_052,growth,current,2026-09-08T00:00:00Z,1,0,1,0,incomplete,1,0,2026-10-07T00:00:00Z,True
current_growth_053,growth,current,2026-09-10T00:00:00Z,1,0,1,0,incomplete,1,0,2026-10-07T00:00:00Z,True
current_growth_054,growth,current,2026-09-05T00:00:00Z,1,1,1,1,eligible,1,0,2026-10-07T00:00:00Z,True
current_growth_055,growth,current,2026-09-10T00:00:00Z,1,1,1,1,eligible,1,0,2026-10-07T00:00:00Z,True
current_growth_056,growth,current,2026-09-01T00:00:00Z,1,1,1,1,eligible,1,0,2026-10-07T00:00:00Z,True
current_growth_057,growth,current,2026-09-02T00:00:00Z,1,1,1,1,eligible,1,0,2026-10-07T00:00:00Z,True
current_growth_058,growth,current,2026-09-05T00:00:00Z,1,1,1,1,eligible,1,0,2026-10-07T00:00:00Z,True
current_growth_059,growth,current,2026-09-08T00:00:00Z,1,1,1,1,eligible,1,0,2026-10-07T00:00:00Z,True
current_growth_060,growth,current,2026-09-05T00:00:00Z,1,0,1,0,incomplete,1,0,2026-10-07T00:00:00Z,True
current_growth_061,growth,current,2026-09-05T00:00:00Z,1,0,1,0,incomplete,1,0,2026-10-07T00:00:00Z,True
current_growth_062,growth,current,2026-09-09T00:00:00Z,1,0,1,0,incomplete,1,0,2026-10-07T00:00:00Z,True
current_growth_063,growth,current,2026-09-06T00:00:00Z,1,0,1,0,incomplete,1,0,2026-10-07T00:00:00Z,True
current_growth_064,growth,current,2026-09-09T00:00:00Z,1,1,1,1,eligible,1,0,2026-10-07T00:00:00Z,True
current_growth_065,growth,current,2026-09-02T00:00:00Z,1,1,1,1,eligible,1,0,2026-10-07T00:00:00Z,True
current_growth_066,growth,current,2026-09-09T00:00:00Z,1,1,1,1,eligible,1,0,2026-10-07T00:00:00Z,True
current_growth_067,growth,current,2026-09-09T00:00:00Z,1,1,1,1,eligible,1,0,2026-10-07T00:00:00Z,True
current_growth_068,growth,current,2026-09-02T00:00:00Z,1,1,1,1,eligible,1,0,2026-10-07T00:00:00Z,True
current_growth_069,growth,current,2026-09-02T00:00:00Z,1,1,1,1,eligible,1,0,2026-10-07T00:00:00Z,True
current_growth_070,growth,current,2026-09-04T00:00:00Z,1,0,1,0,incomplete,0,0,2026-10-07T00:00:00Z,True
current_growth_071,growth,current,2026-09-05T00:00:00Z,1,0,1,0,incomplete,0,0,2026-10-07T00:00:00Z,True
current_growth_072,growth,current,2026-09-01T00:00:00Z,1,0,1,0,incomplete,0,0,2026-10-07T00:00:00Z,True
current_growth_073,growth,current,2026-09-09T00:00:00Z,1,0,1,0,incomplete,0,0,2026-10-07T00:00:00Z,True
current_growth_074,growth,current,2026-09-05T00:00:00Z,1,1,1,1,eligible,0,0,2026-10-07T00:00:00Z,True
current_growth_075,growth,current,2026-09-09T00:00:00Z,1,1,1,1,eligible,0,0,2026-10-07T00:00:00Z,True
current_growth_076,growth,current,2026-09-02T00:00:00Z,1,1,1,1,eligible,0,0,2026-10-07T00:00:00Z,True
current_growth_077,growth,current,2026-09-05T00:00:00Z,1,1,1,1,eligible,0,0,2026-10-07T00:00:00Z,True
current_growth_078,growth,current,2026-09-08T00:00:00Z,1,1,1,1,eligible,0,0,2026-10-07T00:00:00Z,True
current_growth_079,growth,current,2026-09-07T00:00:00Z,1,1,1,1,eligible,0,0,2026-10-07T00:00:00Z,True
current_growth_080,growth,current,2026-09-06T00:00:00Z,1,0,1,0,incomplete,0,0,2026-10-07T00:00:00Z,True
current_growth_081,growth,current,2026-09-04T00:00:00Z,1,0,1,0,incomplete,0,0,2026-10-07T00:00:00Z,True
current_growth_082,growth,current,2026-09-04T00:00:00Z,1,0,1,0,incomplete,0,0,2026-10-07T00:00:00Z,True
current_growth_083,growth,current,2026-09-02T00:00:00Z,1,0,1,0,incomplete,0,0,2026-10-07T00:00:00Z,True
current_growth_084,growth,current,2026-09-01T00:00:00Z,1,1,1,1,eligible,0,0,2026-10-07T00:00:00Z,True
current_growth_085,growth,current,2026-09-08T00:00:00Z,1,1,1,1,eligible,0,0,2026-10-07T00:00:00Z,True
current_growth_086,growth,current,2026-09-08T00:00:00Z,1,1,1,1,eligible,0,0,2026-10-07T00:00:00Z,True
current_growth_087,growth,current,2026-09-10T00:00:00Z,1,1,1,1,eligible,0,0,2026-10-07T00:00:00Z,True
current_growth_088,growth,current,2026-09-03T00:00:00Z,1,1,1,1,eligible,0,0,2026-10-07T00:00:00Z,True
current_growth_089,growth,current,2026-09-04T00:00:00Z,1,1,1,1,eligible,0,0,2026-10-07T00:00:00Z,True
current_growth_090,growth,current,2026-09-05T00:00:00Z,1,0,1,0,incomplete,0,0,2026-10-07T00:00:00Z,True
current_growth_091,growth,current,2026-09-10T00:00:00Z,1,0,1,0,incomplete,0,0,2026-10-07T00:00:00Z,True
current_growth_092,growth,current,2026-09-02T00:00:00Z,1,0,1,0,incomplete,0,0,2026-10-07T00:00:00Z,True
current_growth_093,growth,current,2026-09-04T00:00:00Z,1,0,1,0,incomplete,0,0,2026-10-07T00:00:00Z,True
current_growth_094,growth,current,2026-09-08T00:00:00Z,1,1,1,1,eligible,0,0,2026-10-07T00:00:00Z,True
current_growth_095,growth,current,2026-09-04T00:00:00Z,1,1,1,1,eligible,0,0,2026-10-07T00:00:00Z,True
current_growth_096,growth,current,2026-09-05T00:00:00Z,1,1,1,1,eligible,0,0,2026-10-07T00:00:00Z,True
current_growth_097,growth,current,2026-09-05T00:00:00Z,1,1,1,1,eligible,0,0,2026-10-07T00:00:00Z,True
current_growth_098,growth,current,2026-09-10T00:00:00Z,1,1,1,1,eligible,0,0,2026-10-07T00:00:00Z,True
current_growth_099,growth,current,2026-09-08T00:00:00Z,1,1,1,1,eligible,0,0,2026-10-07T00:00:00Z,True
fixture_bad_clock,emerging,current,2026-08-01T00:00:00Z,1,1,0,0,invalid,0,0,2026-10-07T00:00:00Z,True
fixture_conflict,emerging,current,2026-08-01T00:00:00Z,1,1,0,0,invalid,0,0,2026-10-07T00:00:00Z,True
fixture_immature,emerging,current,2026-10-05T00:00:00Z,0,1,1,0,immature,0,0,2026-10-07T00:00:00Z,True
fixture_incomplete,emerging,current,2026-08-01T00:00:00Z,1,0,1,0,incomplete,0,0,2026-10-07T00:00:00Z,True
